Data Set 1:Time(s),Data Set 1:Force(N),Data Set 1:Respiration Rate(bpm)
0,3.3903427124023438,22.5733642578125
0.099999999999999992,3.4286651611328125,
0.19999999999999998,3.6841659545898438,
0.29999999999999999,4.09552001953125,
0.39999999999999997,4.4072341918945312,
0.5,4.6550674438476562,
0.59999999999999998,4.9872207641601562,
0.69999999999999996,5.3704681396484375,
0.79999999999999993,5.7128372192382812,
0.89999999999999991,5.9964447021484375,
1,6.00921630859375,
1.0999999999999999,5.6566238403320312,
1.2,5.2146148681640625,
1.3,4.8952407836914062,
1.3999999999999999,4.6882858276367188,
1.5,4.5043258666992188,
1.5999999999999999,4.2360458374023438,
1.7,4.0290908813476562,
1.7999999999999998,3.8553543090820312,
1.8999999999999999,3.7071609497070312,
2,3.5768585205078125,
2.1000000000000001,3.4848785400390625,
2.1999999999999997,3.461883544921875,
2.2999999999999998,3.4133377075195312,
2.3999999999999999,3.352020263671875,
2.5,3.3647918701171875,
2.6000000000000001,3.4005661010742188,
2.6999999999999997,3.4107818603515625,
2.7999999999999998,3.4031143188476562,
2.8999999999999999,3.39801025390625,
3,3.5053176879882812,
3.0999999999999996,3.7531509399414062,
3.1999999999999997,4.123626708984375,
3.2999999999999998,4.5963058471679688,
3.3999999999999999,4.9999923706054688,
3.5,5.2810440063476562,
3.5999999999999996,5.5263214111328125,
3.6999999999999997,5.7741546630859375,
3.7999999999999998,5.9530105590820312,
3.8999999999999999,5.7997055053710938,
4,5.3781356811523438,
4.0999999999999996,5.0306549072265625,
4.2000000000000002,4.7266082763671875,
4.2999999999999998,4.4148941040039062,
4.3999999999999995,4.1134109497070312,
4.5,3.8553543090820312,
4.5999999999999996,3.6867218017578125,
4.7000000000000002,3.5487518310546875,
4.7999999999999998,3.444000244140625,
4.8999999999999995,3.4210052490234375,
5,3.4031143188476562,
5.0999999999999996,3.3724594116210938,
5.2000000000000002,3.3545761108398438,
5.2999999999999998,3.3545761108398438,
5.3999999999999995,3.3545761108398438,
5.5,3.3162460327148438,
5.5999999999999996,3.2881393432617188,
5.7000000000000002,3.3469085693359375,
5.7999999999999998,3.5283126831054688,
5.8999999999999995,3.8221359252929688,
6,4.2002792358398438,
6.0999999999999996,4.6193008422851562,
6.1999999999999993,5.0383148193359375,
6.2999999999999998,5.411346435546875,
6.3999999999999995,5.7460556030273438,
6.5,6.0347671508789062,
6.5999999999999996,6.2136154174804688,
6.6999999999999993,6.15740966796875,
6.7999999999999998,5.7869338989257812,
6.8999999999999995,5.3142547607421875,
7,4.9258956909179688,
7.0999999999999996,4.583526611328125,
7.1999999999999993,4.271820068359375,
7.2999999999999998,4.0342025756835938,
7.3999999999999995,3.865570068359375,
7.5,3.7301559448242188,
7.5999999999999996,3.6228485107421875,
7.6999999999999993,3.5410842895507812,
7.7999999999999998,3.4823226928710938,
7.8999999999999995,3.4261093139648438,
8,3.3469085693359375,
8.0999999999999996,3.313690185546875,
8.1999999999999993,3.341796875,
8.2999999999999989,3.3647918701171875,
8.4000000000000004,3.3673477172851562,
8.5,3.3494644165039062,
8.5999999999999996,3.32391357421875,
8.6999999999999993,3.3111343383789062,
8.7999999999999989,3.2804794311523438,
8.9000000000000004,3.2753677368164062,
9,3.4184494018554688,
9.0999999999999996,3.7148284912109375,
9.1999999999999993,4.0980758666992188,
9.2999999999999989,4.4762191772460938,
9.4000000000000004,4.8109207153320312,
9.5,5.1660690307617188,
9.5999999999999996,5.4982147216796875,
9.6999999999999993,5.797149658203125,
9.7999999999999989,6.1165237426757812,
9.9000000000000004,6.3541412353515625,
10,6.4691162109375,22.029373168945312
10.1,6.1420745849609375,
10.199999999999999,5.5850906372070312,
10.299999999999999,5.1584014892578125,
10.4,4.8824615478515625,
10.5,4.5784149169921875,
10.6,4.2615966796875,
10.699999999999999,4.05975341796875,
10.799999999999999,3.8936767578125,
10.9,3.7633743286132812,
11,3.6739501953125,
11.1,3.5768585205078125,
11.199999999999999,3.5180892944335938,
11.299999999999999,3.4746551513671875,
11.4,3.4005661010742188,
11.5,3.3775711059570312,
11.6,3.39801025390625,
11.699999999999999,3.4005661010742188,
11.799999999999999,3.387786865234375,
11.899999999999999,3.3775711059570312,
12,3.4082260131835938,
12.1,3.5870742797851562,
12.199999999999999,3.903900146484375,
12.299999999999999,4.2973709106445312,
12.399999999999999,4.7470474243164062,
12.5,5.1762847900390625,
12.6,5.5416488647460938,
12.699999999999999,5.853363037109375,
12.799999999999999,6.147186279296875,
12.899999999999999,6.39501953125,
13,6.6096420288085938,
13.1,6.5125503540039062,
13.199999999999999,5.9504547119140625,
13.299999999999999,5.3883514404296875,
13.399999999999999,4.9846649169921875,
13.5,4.5784149169921875,
13.6,4.1772842407226562,
13.699999999999999,3.865570068359375,
13.799999999999999,3.6739501953125,
13.899999999999999,3.5487518310546875,
14,3.4158935546875,
14.1,3.313690185546875,
14.199999999999999,3.3034744262695312,
14.299999999999999,3.3060302734375,
14.399999999999999,3.2830352783203125,
14.5,3.2523727416992188,
14.6,3.23193359375,
14.699999999999999,3.221710205078125,
14.799999999999999,3.24981689453125,
14.899999999999999,3.4031143188476562,
15,3.7608184814453125,
15.1,4.2053909301757812,
15.199999999999999,4.6320724487304688,
15.299999999999999,5.0280990600585938,
15.399999999999999,5.4062347412109375,
15.5,5.743499755859375,
15.6,6.0347671508789062,
15.699999999999999,6.2749404907226562,
15.799999999999999,6.4359054565429688,
15.899999999999999,6.3745803833007812,
16,5.9657821655273438,
16.099999999999998,5.4547805786132812,
16.199999999999999,5.0383148193359375,
16.300000000000001,4.6985015869140625,
16.399999999999999,4.4608840942382812,
16.5,4.2462692260742188,
16.599999999999998,4.0188751220703125,
16.699999999999999,3.8553543090820312,
16.800000000000001,3.737823486328125,
16.899999999999999,3.627960205078125,
17,3.5232009887695312,
17.099999999999998,3.45166015625,
17.199999999999999,3.405670166015625,
17.300000000000001,3.3724594116210938,
17.399999999999999,3.3034744262695312,
17.5,3.2370452880859375,
17.599999999999998,3.2472610473632812,
17.699999999999999,3.3009185791015625,
17.800000000000001,3.4491043090820312,
17.899999999999999,3.773590087890625,
18,4.2283859252929688,
18.099999999999998,4.7189407348632812,
18.199999999999999,5.181396484375,
18.300000000000001,5.595306396484375,
18.399999999999999,5.9504547119140625,
18.5,6.1369705200195312,
18.599999999999998,5.9070205688476562,
18.699999999999999,5.3909072875976562,
18.800000000000001,4.9923248291015625,
18.899999999999999,5.025543212890625,
19,5.669403076171875,
19.099999999999998,6.63519287109375,
19.199999999999999,7.820709228515625,
19.300000000000001,9.1212081909179688,
19.399999999999999,9.9388046264648438,
19.5,10.751296997070312,
19.599999999999998,11.361946105957031,
19.699999999999999,12.399269104003906,
19.800000000000001,13.372726440429688,
19.899999999999999,13.947601318359375,
20,14.261863708496094,0
20.099999999999998,14.571022033691406,
20.199999999999999,15.112678527832031,
20.300000000000001,16.004379272460938,
20.399999999999999,16.625244140625,
20.5,16.944618225097656,
20.599999999999998,17.754554748535156,
20.699999999999999,18.955402374267578,
20.800000000000001,19.875202178955078,
20.899999999999999,20.465408325195312,
21,21.122043609619141,
21.099999999999998,21.663700103759766,
21.199999999999999,21.571720123291016,
21.300000000000001,20.646812438964844,
21.399999999999999,19.581375122070312,
21.5,19.139362335205078,
21.599999999999998,19.088260650634766,
21.699999999999999,19.297771453857422,
21.800000000000001,19.732120513916016,
21.899999999999999,20.125591278076172,
22,20.754123687744141,
22.099999999999998,21.694362640380859,
22.199999999999999,22.315227508544922,
22.300000000000001,22.269237518310547,
22.399999999999999,21.717357635498047,
22.5,20.715797424316406,
22.599999999999998,19.205791473388672,
22.699999999999999,17.877189636230469,
22.800000000000001,16.985496520996094,
22.899999999999999,16.497489929199219,
23,16.819419860839844,
23.099999999999998,17.785209655761719,
23.199999999999999,19.095928192138672,
23.300000000000001,20.02850341796875,
23.399999999999999,20.008060455322266,
23.5,19.553272247314453,
23.599999999999998,19.228786468505859,
23.699999999999999,18.952846527099609,
23.799999999999997,18.610477447509766,
23.899999999999999,18.26300048828125,
24,18.326873779296875,
24.099999999999998,18.975841522216797,
24.199999999999999,19.990177154541016,
24.299999999999997,20.639148712158203,
24.399999999999999,20.611042022705078,
24.5,20.033611297607422,
24.599999999999998,19.060157775878906,
24.699999999999999,17.823539733886719,
24.799999999999997,16.860305786132812,
24.899999999999999,16.019706726074219,
25,14.113677978515625,
25.099999999999998,11.254631042480469,
25.199999999999999,8.9091415405273438,
25.299999999999997,7.7261810302734375,
25.399999999999999,7.2841644287109375,
25.5,7.3761444091796875,
25.599999999999998,7.537109375,
25.699999999999999,7.3275985717773438,
25.799999999999997,7.0056686401367188,
25.899999999999999,6.5687637329101562,
26,5.9938888549804688,
26.099999999999998,5.5467605590820312,
26.199999999999999,5.2606048583984375,
26.299999999999997,4.9105682373046875,
26.399999999999999,4.5043258666992188,
26.5,4.2462692260742188,
26.599999999999998,4.05975341796875,
26.699999999999999,3.865570068359375,
26.799999999999997,3.7301559448242188,
26.899999999999999,3.6765060424804688,
27,3.61773681640625,
27.099999999999998,3.5206451416015625,
27.199999999999999,3.489990234375,
27.299999999999997,3.4925460815429688,
27.399999999999999,3.461883544921875,
27.5,3.4210052490234375,
27.599999999999998,3.3622360229492188,
27.699999999999999,3.3009185791015625,
27.799999999999997,3.2472610473632812,
27.899999999999999,3.2677001953125,
28,3.313690185546875,
28.099999999999998,3.295806884765625,
28.199999999999999,3.2396011352539062,
28.299999999999997,3.1884994506835938,
28.399999999999999,3.1501693725585938,
28.5,3.0990753173828125,
28.599999999999998,3.1092910766601562,
28.699999999999999,3.2574844360351562,
28.799999999999997,3.5053176879882812,
28.899999999999999,3.8451309204101562,
29,4.271820068359375,
29.099999999999998,4.7266082763671875,
29.199999999999999,5.0945281982421875,
29.299999999999997,5.245269775390625,
29.399999999999999,5.0919723510742188,
29.5,4.79559326171875,
29.599999999999998,4.5324249267578125,
29.699999999999999,4.3484649658203125,
29.799999999999997,4.1645050048828125,
29.899999999999999,3.957550048828125,
30,3.8681259155273438,0
30.099999999999998,3.8374710083007812,
30.199999999999999,3.7633743286132812,
30.299999999999997,3.6995010375976562,
30.399999999999999,3.6892776489257812,
30.5,3.7301559448242188,
30.599999999999998,3.9882125854492188,
30.699999999999999,4.509429931640625,
30.799999999999997,5.0408706665039062,
30.899999999999999,5.5263214111328125,
31,5.9044647216796875,
31.099999999999998,5.9504547119140625,
31.199999999999999,5.6566238403320312,
31.299999999999997,5.439453125,
31.399999999999999,5.3270339965820312,
31.5,5.0383148193359375,
31.599999999999998,4.6780624389648438,
31.699999999999999,4.5426483154296875,
31.799999999999997,4.7904815673828125,
31.899999999999999,5.3398056030273438,
32,5.853363037109375,
32.100000000000001,5.8967971801757812,
32.199999999999996,5.6029739379882812,
32.299999999999997,5.42156982421875,
32.399999999999999,5.3857955932617188,
32.5,5.2478256225585938,
32.600000000000001,5.16351318359375,
32.699999999999996,5.291259765625,
32.799999999999997,5.3985748291015625,
32.899999999999999,5.3551406860351562,
33,5.2580490112304688,
33.100000000000001,5.1890640258789062,
33.199999999999996,5.1277389526367188,
33.299999999999997,5.1124114990234375,
33.399999999999999,5.1328506469726562,
33.5,5.0562057495117188,
33.600000000000001,4.9207839965820312,
33.699999999999996,4.7904815673828125,
33.799999999999997,4.6525115966796875,
33.899999999999999,4.5068740844726562,
34,4.4430007934570312,
34.100000000000001,4.4097900390625,
34.199999999999996,4.3561325073242188,
34.299999999999997,4.215606689453125,
34.399999999999999,3.9677734375,
34.5,3.6892776489257812,
34.600000000000001,3.479766845703125,
34.699999999999996,3.4133377075195312,
34.799999999999997,3.3647918701171875,
34.899999999999999,3.2855911254882812,
35,3.2344894409179688,
35.100000000000001,3.2421493530273438,
35.199999999999996,3.2191543579101562,
35.299999999999997,3.2574844360351562,
35.399999999999999,3.5845260620117188,
35.5,4.16961669921875,
35.600000000000001,4.841583251953125,
35.699999999999996,5.4726638793945312,
35.799999999999997,5.9223480224609375,
35.899999999999999,5.8584747314453125,
36,5.5288772583007812,
36.100000000000001,5.337249755859375,
36.199999999999996,5.0843048095703125,
36.299999999999997,4.7163848876953125,
36.399999999999999,4.3689041137695312,
36.5,4.1185150146484375,
36.600000000000001,3.9192276000976562,
36.699999999999996,3.7071609497070312,
36.799999999999997,3.6483993530273438,
36.899999999999999,3.6202926635742188,
37,3.5410842895507812,
37.100000000000001,3.4491043090820312,
37.199999999999996,3.3928985595703125,
37.299999999999997,3.3034744262695312,
37.399999999999999,3.221710205078125,
37.5,3.2396011352539062,
37.600000000000001,3.2268218994140625,
37.699999999999996,3.13995361328125,
37.799999999999997,3.0530853271484375,
37.899999999999999,2.9968719482421875,
38,2.9355545043945312,
38.100000000000001,2.8972244262695312,
38.199999999999996,2.9611053466796875,
38.299999999999997,3.001983642578125,
38.399999999999999,3.03009033203125,
38.5,3.1936111450195312,
38.600000000000001,3.599853515625,
38.699999999999996,4.2232742309570312,
38.799999999999997,4.9744415283203125,
38.899999999999999,5.8559188842773438,
39,6.52532958984375,
39.100000000000001,6.5074462890625,
39.199999999999996,6.0143280029296875,
39.299999999999997,5.4598922729492188,
39.399999999999999,4.8722457885742188,
39.5,4.3152542114257812,
39.600000000000001,3.8451309204101562,
39.699999999999996,3.5487518310546875,
39.799999999999997,3.4669952392578125,
39.899999999999999,3.35968017578125,
40,3.2191543579101562,0
40.100000000000001,3.1425094604492188,
40.199999999999996,3.0326461791992188,
40.299999999999997,2.9968719482421875,
40.399999999999999,3.1987152099609375,
40.5,3.6356201171875,
40.600000000000001,4.2667083740234375,
40.699999999999996,4.8977890014648438,
40.799999999999997,5.411346435546875,
40.899999999999999,5.7537155151367188,
41,6.1063079833984375,
41.100000000000001,6.1855087280273438,
41.199999999999996,5.8840255737304688,
41.299999999999997,5.5263214111328125,
41.399999999999999,5.2222747802734375,
41.5,4.9207839965820312,
41.600000000000001,4.5222091674804688,
41.699999999999996,4.0418701171875,
41.799999999999997,3.7454910278320312,
41.899999999999999,3.6586151123046875,
42,3.6305160522460938,
42.100000000000001,3.6100692749023438,
42.199999999999996,3.535980224609375,
42.299999999999997,3.3724594116210938,
42.399999999999999,3.2728118896484375,
42.5,3.4491043090820312,
42.600000000000001,3.9524459838867188,
42.699999999999996,4.6371841430664062,
42.799999999999997,5.2606048583984375,
42.899999999999999,5.7639389038085938,
43,6.15740966796875,
43.100000000000001,6.257049560546875,
43.199999999999996,6.0500946044921875,
43.299999999999997,5.9070205688476562,
43.399999999999999,5.8686904907226562,
43.5,5.8508071899414062,
43.600000000000001,5.8686904907226562,
43.699999999999996,5.7664947509765625,
43.799999999999997,5.6617355346679688,
43.899999999999999,5.6847305297851562,
44,5.5339889526367188,
44.100000000000001,5.0229873657226562,
44.199999999999996,4.3970108032226562,
44.299999999999997,3.8911209106445312,
44.399999999999999,3.5845260620117188,
44.5,3.3571243286132812,
44.600000000000001,3.2242660522460938,
44.699999999999996,3.203826904296875,
44.799999999999997,3.3188018798828125,
44.899999999999999,3.8400192260742188,
45,4.6806182861328125,
45.100000000000001,5.2887039184570312,
45.199999999999996,5.8124847412109375,
45.299999999999997,6.1804046630859375,
45.399999999999999,6.1599655151367188,
45.5,5.82525634765625,
45.600000000000001,5.60552978515625,
45.699999999999996,5.4828872680664062,
45.799999999999997,5.32958984375,
45.899999999999999,5.2197189331054688,
46,5.1124114990234375,
46.100000000000001,5.0102157592773438,
46.199999999999996,4.9591140747070312,
46.299999999999997,4.8799057006835938,
46.399999999999999,4.7930374145507812,
46.5,4.72149658203125,
46.600000000000001,4.6831741333007812,
46.699999999999996,4.6831741333007812,
46.799999999999997,4.6627349853515625,
46.899999999999999,4.6831741333007812,
47,4.72149658203125,
47.100000000000001,4.6422958374023438,
47.199999999999996,4.50177001953125,
47.299999999999997,4.4353408813476562,
47.399999999999999,4.4608840942382812,
47.5,4.4123458862304688,
47.599999999999994,4.2948150634765625,
47.699999999999996,4.307586669921875,
47.799999999999997,4.3612442016601562,
47.899999999999999,4.3586883544921875,
48,4.2181625366210938,
48.099999999999994,3.9294509887695312,
48.199999999999996,3.6969451904296875,
48.299999999999997,3.4925460815429688,
48.399999999999999,3.3290252685546875,
48.5,3.3750152587890625,
48.599999999999994,3.719940185546875,
48.699999999999996,4.3561325073242188,
48.799999999999997,5.0306549072265625,
48.899999999999999,5.6106338500976562,
49,6.073089599609375,
49.099999999999994,6.147186279296875,
49.199999999999996,5.93511962890625,
49.299999999999997,5.7690505981445312,
49.399999999999999,5.6617355346679688,
49.5,5.6361846923828125,
49.599999999999994,5.6821746826171875,
49.699999999999996,5.7000656127929688,
49.799999999999997,5.6285247802734375,
49.899999999999999,5.6387405395507812,
50,5.7102813720703125,0
50.099999999999994,5.6438522338867188,
50.199999999999996,5.5007705688476562,
50.299999999999997,5.3423614501953125,
50.399999999999999,5.2069473266601562,
50.5,5.0740890502929688,
50.599999999999994,4.9310073852539062,
50.699999999999996,4.8543548583984375,
50.799999999999997,4.6780624389648438,
50.899999999999999,4.5043258666992188,
51,4.3382492065429688,
51.099999999999994,4.1875,
51.199999999999996,4.0393142700195312,
51.299999999999997,3.9192276000976562,
51.399999999999999,3.8604660034179688,
51.5,3.719940185546875,
51.599999999999994,3.4950942993164062,
51.699999999999996,3.3009185791015625,
51.799999999999997,3.3085861206054688,
51.899999999999999,3.6483993530273438,
52,4.2871475219726562,
52.099999999999994,4.92333984375,
52.199999999999996,4.9744415283203125,
52.299999999999997,4.61163330078125,
52.399999999999999,4.4200057983398438,
52.5,4.4251174926757812,
52.599999999999994,4.3893508911132812,
52.699999999999996,4.3510208129882812,
52.799999999999997,4.3331375122070312,
52.899999999999999,4.1823959350585938,
53,4.0086517333984375,
53.099999999999994,3.8451309204101562,
53.199999999999996,3.6765060424804688,
53.299999999999997,3.5564193725585938,
53.399999999999999,3.5257568359375,
53.5,3.5691909790039062,
53.599999999999994,3.6202926635742188,
53.699999999999996,3.6611709594726562,
53.799999999999997,3.7608184814453125,
53.899999999999999,3.7480392456054688,
54,3.4286651611328125,
54.099999999999994,3.06585693359375,
54.199999999999996,2.8614578247070312,
54.299999999999997,2.7643661499023438,
54.399999999999999,2.7311553955078125,
54.5,2.7132644653320312,
54.599999999999994,2.7592544555664062,
54.699999999999996,3.1169586181640625,
54.799999999999997,3.6586151123046875,
54.899999999999999,4.3433609008789062,
55,4.8543548583984375,
55.099999999999994,5.2580490112304688,
55.199999999999996,5.6029739379882812,
55.299999999999997,5.8201446533203125,
55.399999999999999,5.8405838012695312,
55.5,5.6489639282226562,
55.599999999999994,5.3653564453125,
55.699999999999996,5.0459823608398438,
55.799999999999997,4.72149658203125,
55.899999999999999,4.6678390502929688,
56,5.3781356811523438,
56.099999999999994,6.4691162109375,
56.199999999999996,6.6019744873046875,
56.299999999999997,5.7256088256835938,
56.399999999999999,5.0689773559570312,
56.5,4.9003448486328125,
56.599999999999994,4.877349853515625,
56.699999999999996,4.9258956909179688,
56.799999999999997,5.05364990234375,
56.899999999999999,5.227386474609375,
57,5.3985748291015625,
57.099999999999994,5.4650039672851562,
57.199999999999996,5.577423095703125,
57.299999999999997,5.705169677734375,
57.399999999999999,5.6770706176757812,
57.5,5.8227005004882812,
57.599999999999994,5.9938888549804688,
57.699999999999996,5.9657821655273438,
57.799999999999997,5.9197921752929688,
57.899999999999999,5.8635787963867188,
58,5.5365447998046875,
58.099999999999994,5.0127639770507812,
58.199999999999996,4.8441390991210938,
58.299999999999997,4.8901290893554688,
58.399999999999999,4.6652908325195312,
58.5,4.2692642211914062,
58.599999999999994,3.9652175903320312,
58.699999999999996,3.7838134765625,
58.799999999999997,3.6765060424804688,
58.899999999999999,3.645843505859375,
59,3.5461959838867188,
59.099999999999994,3.313690185546875,
59.199999999999996,3.0990753173828125,
59.299999999999997,2.9687652587890625,
59.399999999999999,2.99176025390625,
59.5,3.3315811157226562,
59.599999999999994,3.9779891967773438,
59.699999999999996,4.7266082763671875,
59.799999999999997,5.4011306762695312,
59.899999999999999,5.9223480224609375,
60,6.073089599609375,18.763029098510742
60.099999999999994,5.8967971801757812,
60.199999999999996,5.38323974609375,
60.299999999999997,4.785369873046875,
60.399999999999999,4.6090774536132812,
60.5,4.7291641235351562,
60.599999999999994,4.8569107055664062,
60.699999999999996,4.9437789916992188,
60.799999999999997,5.0919723510742188,
60.899999999999999,5.19927978515625,
61,5.3091506958007812,
61.099999999999994,5.5186538696289062,
61.199999999999996,5.6566238403320312,
61.299999999999997,5.7460556030273438,
61.399999999999999,5.835479736328125,
61.5,5.8099288940429688,
61.599999999999994,5.75115966796875,
61.699999999999996,5.71539306640625,
61.799999999999997,5.7664947509765625,
61.899999999999999,5.8150405883789062,
62,5.6949539184570312,
62.099999999999994,5.5442047119140625,
62.199999999999996,5.467559814453125,
62.299999999999997,5.4087905883789062,
62.399999999999999,5.3960189819335938,
62.5,5.4368972778320312,
62.599999999999994,5.3730239868164062,
62.699999999999996,5.181396484375,
62.799999999999997,4.9667739868164062,
62.899999999999999,4.8160324096679688,
63,4.6244049072265625,
63.099999999999994,4.4481124877929688,
63.199999999999996,4.3791275024414062,
63.299999999999997,4.31781005859375,
63.399999999999999,4.1568450927734375,
63.5,4.3126983642578125,
63.599999999999994,5.27337646484375,
63.699999999999996,6.5099945068359375,
63.799999999999997,7.6060943603515625,
63.899999999999999,8.7124099731445312,
64,9.5376739501953125,
64.099999999999994,9.3256072998046875,
64.200000000000003,8.4952316284179688,
64.299999999999997,8.0583267211914062,
64.399999999999991,7.7619476318359375,
64.5,7.5166702270507812,
64.599999999999994,7.40679931640625,
64.700000000000003,7.2841644287109375,
64.799999999999997,7.2483901977539062,
64.899999999999991,7.1436386108398438,
65,6.8983612060546875,
65.099999999999994,6.8140411376953125,
65.200000000000003,6.8600311279296875,
65.299999999999997,6.6837387084960938,
65.399999999999991,6.405242919921875,
65.5,6.0424346923828125,
65.599999999999994,5.5109939575195312,
65.700000000000003,5.0638656616210938,
65.799999999999997,4.8288040161132812,
65.899999999999991,4.72149658203125,
66,4.5809707641601562,
66.099999999999994,4.473663330078125,
66.200000000000003,4.4378890991210938,
66.299999999999997,4.27947998046875,
66.399999999999991,4.0929641723632812,
66.5,4.0265350341796875,
66.599999999999994,4.013763427734375,
66.700000000000003,4.0060958862304688,
66.799999999999997,4.0163192749023438,
66.899999999999991,4.0469741821289062,
67,3.9754409790039062,
67.099999999999994,3.9601058959960938,
67.200000000000003,4.0827484130859375,
67.299999999999997,4.1389541625976562,
67.399999999999991,4.1645050048828125,
67.5,4.1594009399414062,
67.599999999999994,4.0725250244140625,
67.700000000000003,3.8987884521484375,
67.799999999999997,3.7327117919921875,
67.899999999999991,3.6892776489257812,
68,3.6228485107421875,
68.099999999999994,3.5104293823242188,
68.200000000000003,3.4491043090820312,
68.299999999999997,3.3750152587890625,
68.399999999999991,3.1936111450195312,
68.5,3.06585693359375,
68.599999999999994,3.0070953369140625,
68.700000000000003,2.9534378051757812,
68.799999999999997,2.9329986572265625,
68.899999999999991,2.8563461303710938,
69,2.6953811645507812,
69.099999999999994,2.5548553466796875,
69.200000000000003,2.49609375,
69.299999999999997,2.4373245239257812,
69.399999999999991,2.4628753662109375,
69.5,2.7694778442382812,
69.599999999999994,3.341796875,
69.700000000000003,3.9882125854492188,
69.799999999999997,4.4966583251953125,
69.899999999999991,4.877349853515625,
70,5.1098556518554688,15.73426628112793
70.099999999999994,4.9974365234375,
70.200000000000003,4.7266082763671875,
70.299999999999997,4.547760009765625,
70.399999999999991,4.3893508911132812,
70.5,4.0904159545898438,
70.599999999999994,3.8272476196289062,
70.700000000000003,3.7787017822265625,
70.799999999999997,3.6075210571289062,
70.899999999999991,3.3852310180664062,
71,3.352020263671875,
71.099999999999994,3.341796875,
71.200000000000003,3.2677001953125,
71.299999999999997,3.2447052001953125,
71.399999999999991,3.2677001953125,
71.5,3.2191543579101562,
71.599999999999994,3.129730224609375,
71.700000000000003,3.076080322265625,
71.799999999999997,3.0811843872070312,
71.899999999999991,3.3826751708984375,
72,4.1287384033203125,
72.099999999999994,5.0766448974609375,
72.200000000000003,5.8405838012695312,
72.299999999999997,6.349029541015625,
72.399999999999991,6.349029541015625,
72.5,5.7664947509765625,
72.599999999999994,5.3985748291015625,
72.700000000000003,5.4777755737304688,
72.799999999999997,5.5058822631835938,
72.899999999999991,5.2963714599609375,
73,4.8671340942382812,
73.099999999999994,4.3765716552734375,
73.200000000000003,3.957550048828125,
73.299999999999997,3.69183349609375,
73.399999999999991,3.553863525390625,
73.5,3.4491043090820312,
73.599999999999994,3.6535110473632812,
73.700000000000003,3.9294509887695312,
73.799999999999997,3.719940185546875,
73.899999999999991,3.3928985595703125,
74,3.3060302734375,
74.099999999999994,3.3290252685546875,
74.200000000000003,3.3341293334960938,
74.299999999999997,3.3264694213867188,
74.399999999999991,3.4133377075195312,
74.5,3.50787353515625,
74.599999999999994,3.4669952392578125,
74.700000000000003,3.3392410278320312,
74.799999999999997,3.3034744262695312,
74.899999999999991,3.3366851806640625,
75,3.3060302734375,
75.099999999999994,3.24981689453125,
75.200000000000003,3.1884994506835938,
75.299999999999997,3.0709686279296875,
75.399999999999991,2.9329986572265625,
75.5,2.9994277954101562,
75.599999999999994,3.3954544067382812,
75.700000000000003,4.0035400390625,
75.799999999999997,4.639739990234375,
75.899999999999991,5.0945281982421875,
76,5.4701156616210938,
76.099999999999994,5.6080856323242188,
76.200000000000003,5.5620956420898438,
76.299999999999997,5.2938156127929688,
76.399999999999991,4.8032608032226562,
76.5,4.2411575317382812,
76.599999999999994,3.7940292358398438,
76.700000000000003,3.4261093139648438,
76.799999999999997,3.1195144653320312,
76.899999999999991,3.001983642578125,
77,2.9381103515625,
77.099999999999994,2.8384628295898438,
77.200000000000003,2.754150390625,
77.299999999999997,2.7004928588867188,
77.399999999999991,2.6417312622070312,
77.5,2.5829620361328125,
77.599999999999994,2.5676345825195312,
77.700000000000003,2.5625228881835938,
77.799999999999997,2.5752944946289062,
77.899999999999991,2.6110687255859375,
78,2.6647262573242188,
78.099999999999994,2.7388153076171875,
78.200000000000003,2.80780029296875,
78.299999999999997,3.0070953369140625,
78.399999999999991,3.4414443969726562,
78.5,4.0214309692382812,
78.599999999999994,4.61163330078125,
78.700000000000003,5.1226348876953125,
78.799999999999997,5.5365447998046875,
78.899999999999991,5.761383056640625,
79,5.64129638671875,
79.099999999999994,5.27337646484375,
79.200000000000003,4.8952407836914062,
79.299999999999997,4.4992141723632812,
79.399999999999991,4.05975341796875,
79.5,3.681610107421875,
79.599999999999994,3.4158935546875,
79.700000000000003,3.2114944458007812,
79.799999999999997,3.1169586181640625,
79.899999999999991,3.0990753173828125,
80,3.0428619384765625,11.166254043579102
80.099999999999994,2.9636611938476562,
80.200000000000003,2.9023361206054688,
80.299999999999997,2.8742294311523438,
80.399999999999991,2.8026962280273438,
80.5,2.7669219970703125,
80.599999999999994,2.9508819580078125,
80.700000000000003,3.3724594116210938,
80.799999999999997,3.9268951416015625,
80.899999999999991,4.4992141723632812,
81,4.9948806762695312,
81.099999999999994,5.2580490112304688,
81.200000000000003,5.0843048095703125,
81.299999999999997,4.6882858276367188,
81.399999999999991,4.5605316162109375,
81.5,4.31781005859375,
81.599999999999994,3.9882125854492188,
81.700000000000003,3.7224960327148438,
81.799999999999997,3.3545761108398438,
81.899999999999991,3.0581893920898438,
82,2.8716812133789062,
82.099999999999994,2.77203369140625,
82.200000000000003,2.754150390625,
82.299999999999997,2.7337112426757812,
82.399999999999991,2.6851654052734375,
82.5,2.6366195678710938,
82.599999999999994,2.616180419921875,
82.700000000000003,2.5855178833007812,
82.799999999999997,2.5369720458984375,
82.899999999999991,2.5522994995117188,
83,2.5957412719726562,
83.099999999999994,2.60595703125,
83.200000000000003,2.6366195678710938,
83.299999999999997,2.77203369140625,
83.399999999999991,3.06585693359375,
83.5,3.4312210083007812,
83.599999999999994,3.8246917724609375,
83.700000000000003,4.2539291381835938,
83.799999999999997,4.6167449951171875,
83.899999999999991,4.8364715576171875,
84,4.8339157104492188,
84.099999999999994,4.5579757690429688,
84.200000000000003,4.2232742309570312,
84.299999999999997,3.8936767578125,
84.399999999999991,3.553863525390625,
84.5,3.3443527221679688,
84.599999999999994,3.2114944458007812,
84.700000000000003,3.0786361694335938,
84.799999999999997,2.9636611938476562,
84.899999999999991,2.8793411254882812,
85,2.8256912231445312,
85.099999999999994,2.7490386962890625,
85.200000000000003,2.6800537109375,
85.299999999999997,2.7107162475585938,
85.399999999999991,2.7515945434570312,
85.5,2.7285995483398438,
85.599999999999994,2.7004928588867188,
85.700000000000003,2.669830322265625,
85.799999999999997,2.6596145629882812,
85.899999999999991,2.62384033203125,
86,2.5752944946289062,
86.099999999999994,2.60595703125,
86.200000000000003,2.6570587158203125,
86.299999999999997,2.6749420166015625,
86.399999999999991,2.69793701171875,
86.5,2.8231353759765625,
86.599999999999994,3.0990753173828125,
86.700000000000003,3.444000244140625,
86.799999999999997,3.8042526245117188,
86.899999999999991,4.2207183837890625,
87,4.6295166015625,
87.099999999999994,4.9182357788085938,
87.200000000000003,5.01531982421875,
87.299999999999997,4.8441390991210938,
87.399999999999991,4.5707550048828125,
87.5,4.3433609008789062,
87.599999999999994,4.0393142700195312,
87.700000000000003,3.7122726440429688,
87.799999999999997,3.479766845703125,
87.899999999999991,3.2804794311523438,
88,3.1067352294921875,
88.099999999999994,2.9815444946289062,
88.200000000000003,2.8895645141601562,
88.299999999999997,2.835906982421875,
88.399999999999991,2.7643661499023438,
88.5,2.7132644653320312,
88.599999999999994,2.8103561401367188,
88.700000000000003,3.111846923828125,
88.799999999999997,3.5002059936523438,
88.899999999999991,3.6432876586914062,
89,3.4874343872070312,
89.099999999999994,3.2549285888671875,
89.200000000000003,3.0326461791992188,
89.299999999999997,2.8691253662109375,
89.399999999999991,2.8154678344726562,
89.5,2.835906982421875,
89.599999999999994,2.835906982421875,
89.700000000000003,2.7337112426757812,
89.799999999999997,2.6493911743164062,
89.899999999999991,2.5931854248046875,
90,2.5676345825195312,9.7402591705322266
90.099999999999994,2.4628753662109375,
90.200000000000003,2.2686996459960938,
90.299999999999997,2.1537246704101562,
90.399999999999991,2.1894912719726562,
90.5,2.3376846313476562,
90.599999999999994,2.7004928588867188,
90.700000000000003,3.2344894409179688,
90.799999999999997,3.773590087890625,
90.899999999999991,4.325469970703125,
91,4.8926849365234375,
91.099999999999994,5.2810440063476562,
91.200000000000003,5.0868606567382812,
91.299999999999997,4.5886383056640625,
91.399999999999991,4.335693359375,
91.5,4.16961669921875,
91.599999999999994,3.8502426147460938,
91.700000000000003,3.405670166015625,
91.799999999999997,3.093963623046875,
91.899999999999991,2.9687652587890625,
92,2.8716812133789062,
92.099999999999994,2.8026962280273438,
92.200000000000003,2.761810302734375,
92.299999999999997,2.7183761596679688,
92.399999999999991,2.6570587158203125,
92.5,2.58807373046875,
92.599999999999994,2.6008453369140625,
92.700000000000003,2.6545028686523438,
92.799999999999997,2.7413711547851562,
92.899999999999991,3.0096511840820312,
93,3.4567718505859375,
93.099999999999994,3.98565673828125,
93.200000000000003,4.4992141723632812,
93.299999999999997,4.9846649169921875,
93.399999999999991,5.393463134765625,
93.5,5.4777755737304688,
93.599999999999994,5.16351318359375,
93.700000000000003,4.7649307250976562,
93.799999999999997,4.4481124877929688,
93.899999999999991,4.1185150146484375,
94,3.7224960327148438,
94.099999999999994,3.4465560913085938,
94.200000000000003,3.2523727416992188,
94.299999999999997,3.1067352294921875,
94.399999999999991,2.9764328002929688,
94.5,2.8716812133789062,
94.599999999999994,2.7975845336914062,
94.699999999999989,2.761810302734375,
94.799999999999997,2.7567062377929688,
94.899999999999991,2.8103561401367188,
95,2.8767852783203125,
95.099999999999994,2.8946762084960938,
95.199999999999989,2.95599365234375,
95.299999999999997,3.2063827514648438,
95.399999999999991,3.6739501953125,
95.5,4.1517333984375,
95.599999999999994,4.4992141723632812,
95.699999999999989,4.8543548583984375,
95.799999999999997,5.3346939086914062,
95.899999999999991,5.9121246337890625,
96,6.4997787475585938,
96.099999999999994,6.9034652709960938,
96.199999999999989,7.4425735473632812,
96.299999999999997,8.0404434204101562,
96.399999999999991,8.0813217163085938,
96.5,7.7159576416015625,
96.599999999999994,7.2586135864257812,
96.699999999999989,7.0567703247070312,
96.799999999999997,6.9085769653320312,
96.899999999999991,5.9402313232421875,
97,4.3459091186523438,
97.099999999999994,2.8946762084960938,
97.199999999999989,1.7704696655273438,
97.299999999999997,1.13427734375,
97.399999999999991,0.92987823486328125,
97.5,0.90688323974609375,
97.599999999999994,1.0295257568359375,
97.699999999999989,1.2799148559570312,
97.799999999999997,1.8573455810546875,
97.899999999999991,2.743927001953125,
98,3.3622360229492188,
98.099999999999994,3.5155410766601562,
98.199999999999989,3.6305160522460938,
98.299999999999997,3.7327117919921875,
98.399999999999991,3.5640792846679688,
98.5,3.32391357421875,
98.599999999999994,3.0454177856445312,
98.699999999999989,2.7797012329101562,
98.799999999999997,2.49609375,
98.899999999999991,2.2329254150390625,
99,2.03619384765625,
99.099999999999994,1.8854446411132812,
99.199999999999989,1.7704696655273438,
99.299999999999997,1.74237060546875,
99.399999999999991,1.74237060546875,
99.5,1.6887130737304688,
99.599999999999994,1.76025390625,
99.699999999999989,2.1486129760742188,
99.799999999999997,2.7183761596679688,
99.899999999999991,3.1961593627929688,
100,3.4542160034179688,20.594964981079102
100.09999999999999,3.5461959838867188,
100.19999999999999,3.5053176879882812,
100.3,3.3673477172851562,
100.39999999999999,3.2089385986328125,
100.5,2.9892044067382812,
100.59999999999999,2.7311553955078125,
100.69999999999999,2.5906295776367188,
100.8,2.38623046875,
100.89999999999999,2.1946029663085938,
101,2.248260498046875,
101.09999999999999,2.2865829467773438,
101.19999999999999,2.2405929565429688,
101.3,2.2457046508789062,
101.39999999999999,2.2508163452148438,
101.5,2.1639404296875,
101.59999999999999,2.0131988525390625,
101.69999999999999,1.8471221923828125,
101.8,1.6784896850585938,
101.89999999999999,1.5762939453125,
102,1.6018447875976562,
102.09999999999999,1.7628097534179688,
102.19999999999999,2.0336380004882812,
102.3,2.340240478515625,
102.39999999999999,2.6136245727539062,
102.5,2.8154678344726562,
102.59999999999999,2.9892044067382812,
102.69999999999999,3.1271743774414062,
102.8,3.1706161499023438,
102.89999999999999,3.0121994018554688,
103,2.7797012329101562,
103.09999999999999,2.577850341796875,
103.19999999999999,2.4117813110351562,
103.3,2.2968063354492188,
103.39999999999999,2.1843795776367188,
103.5,2.0106430053710938,
103.59999999999999,1.8292388916015625,
103.69999999999999,1.7014846801757812,
103.8,1.5865097045898438,
103.89999999999999,1.4996414184570312,
104,1.474090576171875,
104.09999999999999,1.4434356689453125,
104.19999999999999,1.392333984375,
104.3,1.3565597534179688,
104.39999999999999,1.3156814575195312,
104.5,1.2773590087890625,
104.59999999999999,1.2952423095703125,
104.69999999999999,1.3795547485351562,
104.8,1.55841064453125,
104.89999999999999,1.806243896484375,
105,2.0540771484375,
105.09999999999999,2.2916946411132812,
105.19999999999999,2.5471954345703125,
105.3,2.80780029296875,
105.39999999999999,3.019866943359375,
105.5,3.0556411743164062,
105.59999999999999,2.864013671875,
105.69999999999999,2.5982894897460938,
105.8,2.3990020751953125,
105.89999999999999,2.2278213500976562,
106,1.9850921630859375,
106.09999999999999,1.74237060546875,
106.19999999999999,1.5635147094726562,
106.3,1.4178848266601562,
106.39999999999999,1.3131256103515625,
106.5,1.272247314453125,
106.59999999999999,1.2313690185546875,
106.69999999999999,1.1725997924804688,
106.8,1.1266098022460938,
106.89999999999999,1.0959548950195312,
107,1.1215057373046875,
107.09999999999999,1.2875747680664062,
107.19999999999999,1.548187255859375,
107.3,1.7909164428710938,
107.39999999999999,2.0438613891601562,
107.5,2.3172454833984375,
107.59999999999999,2.5574111938476562,
107.69999999999999,2.8103561401367188,
107.8,3.0351943969726562,
107.89999999999999,3.0735244750976562,
108,2.8767852783203125,
108.09999999999999,2.616180419921875,
108.19999999999999,2.3964462280273438,
108.3,2.266143798828125,
108.39999999999999,2.1997146606445312,
108.5,2.0745162963867188,
108.59999999999999,1.9109954833984375,
108.69999999999999,1.7653656005859375,
108.8,1.640167236328125,
108.89999999999999,1.5430755615234375,
109,1.4664306640625,
109.09999999999999,1.3795547485351562,
109.19999999999999,1.3131256103515625,
109.3,1.254364013671875,
109.39999999999999,1.2007064819335938,
109.5,1.1879348754882812,
109.59999999999999,1.2288131713867188,
109.69999999999999,1.3386764526367188,
109.8,1.548187255859375,
109.89999999999999,1.8190155029296875,
110,2.0975112915039062,19.762845993041992
110.09999999999999,2.393890380859375,
110.19999999999999,2.6647262573242188,
110.3,2.8665695190429688,
110.39999999999999,2.99176025390625,
110.5,2.9483261108398438,
110.59999999999999,2.7413711547851562,
110.69999999999999,2.559967041015625,
110.8,2.4577713012695312,
110.89999999999999,2.3351287841796875,
111,2.192047119140625,
111.09999999999999,2.0464096069335938,
111.19999999999999,1.8828964233398438,
111.3,1.7551422119140625,
111.39999999999999,1.6631622314453125,
111.5,1.5532989501953125,
111.59999999999999,1.4613189697265625,
111.69999999999999,1.3948898315429688,
111.8,1.33612060546875,
111.89999999999999,1.3131256103515625,
112,1.3540115356445312,
112.09999999999999,1.4970855712890625,
112.19999999999999,1.7065963745117188,
112.3,2.0157546997070312,
112.39999999999999,2.2738113403320312,
112.5,2.4909820556640625,
112.59999999999999,2.6877212524414062,
112.69999999999999,2.7745895385742188,
112.8,2.6800537109375,
112.89999999999999,2.4730987548828125,
113,2.284027099609375,
113.09999999999999,2.1051788330078125,
113.19999999999999,1.9109954833984375,
113.3,1.7551422119140625,
113.39999999999999,1.6248397827148438,
113.5,1.512420654296875,
113.59999999999999,1.4306564331054688,
113.69999999999999,1.3795547485351562,
113.8,1.346343994140625,
113.89999999999999,1.4587631225585938,
114,1.8036880493164062,
114.09999999999999,2.1843795776367188,
114.19999999999999,2.3964462280273438,
114.3,2.4884262084960938,
114.39999999999999,2.5701904296875,
114.5,2.651947021484375,
114.59999999999999,2.708160400390625,
114.69999999999999,2.6417312622070312,
114.8,2.4424362182617188,
114.89999999999999,2.2278213500976562,
115,2.0310821533203125,
115.09999999999999,1.8369064331054688,
115.19999999999999,1.6733856201171875,
115.3,1.530303955078125,
115.39999999999999,1.4255447387695312,
115.5,1.382110595703125,
115.59999999999999,1.346343994140625,
115.69999999999999,1.3054656982421875,
115.8,1.26202392578125,
115.89999999999999,1.2390289306640625,
116,1.2083740234375,
116.09999999999999,1.1879348754882812,
116.19999999999999,1.2083740234375,
116.3,1.2415847778320312,
116.39999999999999,1.3131256103515625,
116.5,1.4332122802734375,
116.59999999999999,1.6606063842773438,
116.69999999999999,1.9007797241210938,
116.8,2.1205062866210938,
116.89999999999999,2.358123779296875,
117,2.5906295776367188,
117.09999999999999,2.7490386962890625,
117.19999999999999,2.7771453857421875,
117.3,2.6212844848632812,
117.39999999999999,2.3785629272460938,
117.5,2.1358413696289062,
117.59999999999999,1.9391021728515625,
117.69999999999999,1.7909164428710938,
117.8,1.6478347778320312,
117.89999999999999,1.5328598022460938,
118,1.4408798217773438,
118.09999999999999,1.3667831420898438,
118.19999999999999,1.30035400390625,
118.3,1.272247314453125,
118.39999999999999,1.2773590087890625,
118.5,1.2671356201171875,
118.59999999999999,1.2492523193359375,
118.69999999999999,1.22625732421875,
118.8,1.2058181762695312,
118.89999999999999,1.1955947875976562,
119,1.2415847778320312,
119.09999999999999,1.3565597534179688,
119.19999999999999,1.5149765014648438,
119.3,1.6887130737304688,
119.39999999999999,1.85223388671875,
119.5,1.9850921630859375,
119.59999999999999,2.11029052734375,
119.69999999999999,2.238037109375,
119.8,2.3274612426757812,
119.89999999999999,2.301910400390625,
120,2.1639404296875,22.988506317138672
120.09999999999999,2.0106430053710938,
120.19999999999999,1.8650054931640625,
120.3,1.7117080688476562,
120.39999999999999,1.6197280883789062,
120.5,1.55841064453125,
120.59999999999999,1.4689865112304688,
120.69999999999999,1.3718948364257812,
120.8,1.3105697631835938,
120.89999999999999,1.236480712890625,
121,1.1930389404296875,
121.09999999999999,1.198150634765625,
121.19999999999999,1.2083740234375,
121.3,1.2032623291015625,
121.39999999999999,1.198150634765625,
121.5,1.236480712890625,
121.59999999999999,1.3386764526367188,
121.69999999999999,1.5379714965820312,
121.8,1.7985763549804688,
121.89999999999999,2.0310821533203125,
122,2.2150421142578125,
122.09999999999999,2.393890380859375,
122.19999999999999,2.5497512817382812,
122.3,2.6596145629882812,
122.39999999999999,2.6596145629882812,
122.5,2.4909820556640625,
122.59999999999999,2.2763595581054688,
122.69999999999999,2.1051788330078125,
122.8,1.972320556640625,
122.89999999999999,1.8317947387695312,
123,1.7117080688476562,
123.09999999999999,1.6299514770507812,
123.19999999999999,1.5405197143554688,
123.3,1.4459915161132812,
123.39999999999999,1.3591156005859375,
123.5,1.282470703125,
123.59999999999999,1.2339248657226562,
123.69999999999999,1.2313690185546875,
123.8,1.2390289306640625,
123.89999999999999,1.216033935546875,
124,1.180267333984375,
124.09999999999999,1.1598281860351562,
124.19999999999999,1.1393890380859375,
124.3,1.1649398803710938,
124.39999999999999,1.3131256103515625,
124.5,1.5532989501953125,
124.59999999999999,1.7909164428710938,
124.69999999999999,1.9876480102539062,
124.8,2.1946029663085938,
124.89999999999999,2.4143295288085938,
125,2.66217041015625,
125.09999999999999,2.84613037109375,
125.19999999999999,2.984100341796875,
125.3,2.9355545043945312,
125.39999999999999,2.6672744750976562,
125.5,2.3530120849609375,
125.59999999999999,2.117950439453125,
125.69999999999999,1.9314346313476562,
125.8,1.7525863647460938,
125.89999999999999,1.55841064453125,
126,1.3770065307617188,
126.09999999999999,1.2415847778320312,
126.19999999999999,1.1496047973632812,
126.3,1.0831756591796875,
126.39999999999999,1.0576248168945312,
126.5,1.0474090576171875,
126.59999999999999,1.0193023681640625,
126.69999999999999,0.98097991943359375,
126.8,0.96564483642578125,
126.89999999999999,0.99375152587890625,
127,1.13427734375,
127.09999999999999,1.364227294921875,
127.19999999999999,1.5788497924804688,
127.3,1.7679214477539062,
127.39999999999999,1.9569854736328125,
127.5,2.1767196655273438,
127.59999999999999,2.3887863159179688,
127.69999999999999,2.5727462768554688,
127.8,2.6928253173828125,
127.89999999999999,2.6366195678710938,
128,2.3964462280273438,
128.09999999999999,2.14605712890625,
128.19999999999999,1.9518814086914062,
128.29999999999998,1.8190155029296875,
128.40000000000001,1.7576980590820312,
128.5,1.6938247680664062,
128.59999999999999,1.5814056396484375,
128.69999999999999,1.4255447387695312,
128.79999999999998,1.2569198608398438,
128.90000000000001,1.11639404296875,
129,1.0448532104492188,
129.09999999999999,1.0269699096679688,
129.19999999999999,1.0090789794921875,
129.29999999999998,0.98863983154296875,
129.40000000000001,0.960540771484375,
129.5,0.93243408203125,
129.59999999999999,0.92987823486328125,
129.69999999999999,0.9835357666015625,
129.79999999999998,1.11639404296875,
129.90000000000001,1.3386764526367188,
130,1.6018447875976562,23.913043975830078
130.09999999999999,1.8394546508789062,
130.19999999999999,2.0668563842773438,
130.29999999999998,2.3785629272460938,
130.40000000000001,2.7285995483398438,
130.5,2.9994277954101562,
130.59999999999999,3.1476211547851562,
130.69999999999999,3.1246261596679688,
130.79999999999998,2.8589019775390625,
130.90000000000001,2.559967041015625,
131,2.4092254638671875,
131.09999999999999,2.2865829467773438,
131.19999999999999,2.100067138671875,
131.29999999999998,1.85223388671875,
131.40000000000001,1.6376113891601562,
131.5,1.5456314086914062,
131.59999999999999,1.4945297241210938,
131.69999999999999,1.4076614379882812,
131.79999999999998,1.33612060546875,
131.90000000000001,1.26202392578125,
132,1.1777114868164062,
132.09999999999999,1.1138381958007812,
132.19999999999999,1.1036148071289062,
132.29999999999998,1.1189498901367188,
132.40000000000001,1.1419448852539062,
132.5,1.2313690185546875,
132.59999999999999,1.3974456787109375,
132.69999999999999,1.59417724609375,
132.79999999999998,1.8343505859375,
132.90000000000001,2.0975112915039062,
133,2.3325729370117188,
133.09999999999999,2.5369720458984375,
133.19999999999999,2.7285995483398438,
133.29999999999998,2.9023361206054688,
133.40000000000001,2.9662094116210938,
133.5,2.8103561401367188,
133.59999999999999,2.577850341796875,
133.69999999999999,2.2916946411132812,
133.79999999999998,2.0566329956054688,
133.90000000000001,1.8828964233398438,
134,1.7474746704101562,
134.09999999999999,1.658050537109375,
134.19999999999999,1.5507431030273438,
134.29999999999998,1.3795547485351562,
134.40000000000001,1.2237014770507812,
134.5,1.124053955078125,
134.59999999999999,1.0652923583984375,
134.69999999999999,1.0601806640625,
134.79999999999998,1.1470489501953125,
134.90000000000001,1.364227294921875,
135,1.6989364624023438,
135.09999999999999,2.0029754638671875,
135.19999999999999,2.1026229858398438,
135.29999999999998,1.9748764038085938,
135.40000000000001,1.8369064331054688,
135.5,1.7858047485351562,
135.59999999999999,1.7270355224609375,
135.69999999999999,1.6427230834960938,
135.79999999999998,1.548187255859375,
135.90000000000001,1.4051055908203125,
136,1.26202392578125,
136.09999999999999,1.144500732421875,
136.19999999999999,1.0397415161132812,
136.29999999999998,0.97586822509765625,
136.40000000000001,0.9503173828125,
136.5,0.97586822509765625,
136.59999999999999,1.1393890380859375,
136.69999999999999,1.4613189697265625,
136.79999999999998,1.8113555908203125,
136.90000000000001,2.1307296752929688,
137,2.4730987548828125,
137.09999999999999,2.8512344360351562,
137.19999999999999,3.1884994506835938,
137.29999999999998,3.3034744262695312,
137.40000000000001,3.1016311645507812,
137.5,2.8205795288085938,
137.59999999999999,2.62384033203125,
137.69999999999999,2.376007080078125,
137.79999999999998,2.082183837890625,
137.90000000000001,1.880340576171875,
138,1.6657180786132812,
138.09999999999999,1.4894256591796875,
138.19999999999999,1.254364013671875,
138.29999999999998,1.00653076171875,
138.40000000000001,0.8813323974609375,
138.5,0.84300994873046875,
138.59999999999999,0.7535858154296875,
138.69999999999999,0.6922607421875,
138.79999999999998,0.6922607421875,
138.90000000000001,0.6871490478515625,
139,0.6922607421875,
139.09999999999999,0.7433624267578125,
139.19999999999999,0.79190826416015625,
139.29999999999998,0.80467987060546875,
139.40000000000001,0.93243408203125,
139.5,1.3259048461914062,
139.59999999999999,1.8624496459960938,
139.69999999999999,2.376007080078125,
139.79999999999998,2.754150390625,
139.90000000000001,2.8205795288085938,
140,2.4628753662109375,24.590164184570312
140.09999999999999,2.1026229858398438,
140.19999999999999,2.0438613891601562,
140.29999999999998,2.0923995971679688,
140.40000000000001,2.1383895874023438,
140.5,2.1664962768554688,
140.59999999999999,2.2712554931640625,
140.69999999999999,2.358123779296875,
140.79999999999998,2.25592041015625,
140.90000000000001,2.1332855224609375,
141,2.0438613891601562,
141.09999999999999,1.9186630249023438,
141.19999999999999,1.806243896484375,
141.29999999999998,1.7117080688476562,
141.40000000000001,1.6171722412109375,
141.5,1.5737380981445312,
141.59999999999999,1.5762939453125,
141.69999999999999,1.622283935546875,
141.79999999999998,1.8011322021484375,
141.90000000000001,2.1128463745117188,
142,2.4449920654296875,
142.09999999999999,2.7311553955078125,
142.19999999999999,2.9508819580078125,
142.29999999999998,3.0530853271484375,
142.40000000000001,2.9662094116210938,
142.5,2.7183761596679688,
142.59999999999999,2.4449920654296875,
142.69999999999999,2.2457046508789062,
142.79999999999998,2.0975112915039062,
142.90000000000001,1.9365463256835938,
143,1.7832489013671875,
143.09999999999999,1.6657180786132812,
143.19999999999999,1.5865097045898438,
143.29999999999998,1.5251922607421875,
143.40000000000001,1.5047531127929688,
143.5,1.4792022705078125,
143.59999999999999,1.4434356689453125,
143.69999999999999,1.456207275390625,
143.79999999999998,1.6018447875976562,
143.90000000000001,1.9391021728515625,
144,2.3785629272460938,
144.09999999999999,2.7822494506835938,
144.19999999999999,3.0735244750976562,
144.29999999999998,2.9968719482421875,
144.40000000000001,2.6366195678710938,
144.5,2.3555679321289062,
144.59999999999999,2.1537246704101562,
144.69999999999999,2.0029754638671875,
144.79999999999998,1.9058914184570312,
144.90000000000001,1.8369064331054688,
145,1.7934646606445312,
145.09999999999999,1.7551422119140625,
145.19999999999999,1.7525863647460938,
145.29999999999998,1.8215713500976562,
145.40000000000001,1.8113555908203125,
145.5,1.6733856201171875,
145.59999999999999,1.5149765014648438,
145.69999999999999,1.3846664428710938,
145.79999999999998,1.3029098510742188,
145.90000000000001,1.2773590087890625,
146,1.2594757080078125,
146.09999999999999,1.2211456298828125,
146.19999999999999,1.180267333984375,
146.29999999999998,1.1496047973632812,
146.40000000000001,1.1470489501953125,
146.5,1.272247314453125,
146.59999999999999,1.5762939453125,
146.69999999999999,1.92633056640625,
146.79999999999998,2.2175979614257812,
146.90000000000001,2.4654312133789062,
147,2.6877212524414062,
147.09999999999999,2.9023361206054688,
147.19999999999999,3.019866943359375,
147.29999999999998,2.9176712036132812,
147.40000000000001,2.7209320068359375,
147.5,2.5829620361328125,
147.59999999999999,2.4347763061523438,
147.69999999999999,2.2712554931640625,
147.79999999999998,2.0898513793945312,
147.90000000000001,1.92633056640625,
148,1.7730255126953125,
148.09999999999999,1.6376113891601562,
148.19999999999999,1.55841064453125,
148.29999999999998,1.658050537109375,
148.40000000000001,1.97998046875,
148.5,2.2968063354492188,
148.59999999999999,2.2686996459960938,
148.69999999999999,1.9493255615234375,
148.79999999999998,1.6733856201171875,
148.90000000000001,1.4996414184570312,
149,1.382110595703125,
149.09999999999999,1.3182373046875,
149.19999999999999,1.254364013671875,
149.29999999999998,1.1930389404296875,
149.40000000000001,1.1291656494140625,
149.5,1.0295257568359375,
149.59999999999999,0.978424072265625,
149.69999999999999,0.9911956787109375,
149.79999999999998,0.9835357666015625,
149.90000000000001,0.95798492431640625,
150,0.9554290771484375,25.245441436767578
150.09999999999999,0.9630889892578125,
150.19999999999999,0.986083984375,
150.29999999999998,0.99375152587890625,
150.40000000000001,0.94776153564453125,
150.5,0.886444091796875,
150.59999999999999,0.8404541015625,
150.69999999999999,0.794464111328125,
150.79999999999998,0.7714691162109375,
150.90000000000001,0.794464111328125,
151,0.8353424072265625,
151.09999999999999,0.8634490966796875,
151.19999999999999,0.8634490966796875,
151.29999999999998,0.8174591064453125,
151.40000000000001,0.766357421875,
151.5,0.78168487548828125,
151.59999999999999,0.848114013671875,
151.69999999999999,1.0627365112304688,
151.79999999999998,1.346343994140625,
151.90000000000001,1.6273956298828125,
152,1.6554946899414062,
152.09999999999999,1.530303955078125,
152.19999999999999,1.3718948364257812,
152.29999999999998,1.162384033203125,
152.40000000000001,0.89665985107421875,
152.5,0.6232757568359375,
152.59999999999999,0.444427490234375,
152.69999999999999,0.3192291259765625,
152.79999999999998,0.33712005615234375,
152.90000000000001,0.60028076171875,
153,0.93498992919921875,
153.09999999999999,1.2926864624023438,
153.19999999999999,1.6095046997070312,
153.29999999999998,1.7347030639648438,
153.40000000000001,1.7551422119140625,
153.5,1.7730255126953125,
153.59999999999999,1.7551422119140625,
153.69999999999999,1.696380615234375,
153.79999999999998,1.6248397827148438,
153.90000000000001,1.3233489990234375,
154,0.8532257080078125,
154.09999999999999,0.56195831298828125,
154.19999999999999,0.3933258056640625,
154.29999999999998,0.296234130859375,
154.40000000000001,0.2732391357421875,
154.5,0.49297332763671875,
154.59999999999999,1.0371856689453125,
154.69999999999999,1.824127197265625,
154.79999999999998,2.6826095581054688,
154.90000000000001,3.2983627319335938,
155,3.4491043090820312,
155.09999999999999,3.3264694213867188,
155.19999999999999,3.3392410278320312,
155.29999999999998,3.2447052001953125,
155.40000000000001,2.8563461303710938,
155.5,2.3172454833984375,
155.59999999999999,1.8496780395507812,
155.69999999999999,1.5175247192382812,
155.79999999999998,1.2645797729492188,
155.90000000000001,1.1393890380859375,
156,1.1087265014648438,
156.09999999999999,1.124053955078125,
156.19999999999999,1.1751556396484375,
156.29999999999998,1.2518081665039062,
156.40000000000001,1.438323974609375,
156.5,1.650390625,
156.59999999999999,1.9391021728515625,
156.69999999999999,2.2329254150390625,
156.79999999999998,2.43988037109375,
156.90000000000001,2.616180419921875,
157,2.60595703125,
157.09999999999999,2.3836746215820312,
157.19999999999999,2.1205062866210938,
157.29999999999998,1.9391021728515625,
157.40000000000001,1.732147216796875,
157.5,1.5456314086914062,
157.59999999999999,1.4229965209960938,
157.69999999999999,1.4025497436523438,
157.79999999999998,1.4996414184570312,
157.90000000000001,1.5967330932617188,
158,1.604400634765625,
158.09999999999999,1.5609664916992188,
158.19999999999999,1.7551422119140625,
158.29999999999998,2.0106430053710938,
158.40000000000001,2.2405929565429688,
158.5,2.5063095092773438,
158.59999999999999,2.7209320068359375,
158.69999999999999,3.001983642578125,
158.79999999999998,3.2012710571289062,
158.90000000000001,3.1884994506835938,
159,3.0607452392578125,
159.09999999999999,2.88189697265625,
159.19999999999999,2.6136245727539062,
159.29999999999998,2.192047119140625,
159.40000000000001,1.7295913696289062,
159.5,1.474090576171875,
159.59999999999999,1.33612060546875,
159.69999999999999,1.236480712890625,
159.79999999999998,1.254364013671875,
159.90000000000001,1.5456314086914062,
160,1.9850921630859375,20.51983642578125
160.09999999999999,2.33001708984375,
160.19999999999999,2.669830322265625,
160.29999999999998,3.0556411743164062,
160.40000000000001,3.2906951904296875,
160.5,3.3085861206054688,
160.59999999999999,3.2166061401367188,
160.69999999999999,2.9968719482421875,
160.79999999999998,2.5931854248046875,
160.90000000000001,2.1997146606445312,
161,1.9109954833984375,
161.09999999999999,1.7295913696289062,
161.19999999999999,1.658050537109375,
161.29999999999998,1.88800048828125,
161.40000000000001,2.2738113403320312,
161.5,2.669830322265625,
161.59999999999999,3.076080322265625,
161.69999999999999,3.4031143188476562,
161.79999999999998,3.7148284912109375,
161.90000000000001,3.8834609985351562,
162,3.7454910278320312,
162.09999999999999,3.295806884765625,
162.19999999999999,2.6391754150390625,
162.29999999999998,2.0413055419921875,
162.40000000000001,1.650390625,
162.5,1.4638748168945312,
162.59999999999999,1.4000015258789062,
162.69999999999999,1.3718948364257812,
162.79999999999998,1.456207275390625,
162.90000000000001,1.6887130737304688,
163,1.9953155517578125,
163.09999999999999,2.347900390625,
163.19999999999999,2.7362594604492188,
163.29999999999998,3.1476211547851562,
163.40000000000001,3.3903427124023438,
163.5,3.3494644165039062,
163.59999999999999,3.2625961303710938,
163.69999999999999,3.0786361694335938,
163.79999999999998,2.7950286865234375,
163.90000000000001,2.4628753662109375,
164,2.0515213012695312,
164.09999999999999,1.7679214477539062,
164.19999999999999,1.6836013793945312,
164.29999999999998,1.6810455322265625,
164.40000000000001,1.6069564819335938,
164.5,1.6810455322265625,
164.59999999999999,2.064300537109375,
164.69999999999999,2.4271087646484375,
164.79999999999998,2.7388153076171875,
164.90000000000001,3.0147552490234375,
165,3.2523727416992188,
165.09999999999999,3.24981689453125,
165.19999999999999,3.1220703125,
165.29999999999998,3.0735244750976562,
165.40000000000001,2.743927001953125,
165.5,2.1971588134765625,
165.59999999999999,1.8931121826171875,
165.69999999999999,1.7398147583007812,
165.79999999999998,1.6631622314453125,
165.90000000000001,1.6606063842773438,
166,1.7730255126953125,
166.09999999999999,1.74237060546875,
166.19999999999999,1.622283935546875,
166.29999999999998,1.6427230834960938,
166.40000000000001,1.8752288818359375,
166.5,2.2431488037109375,
166.59999999999999,2.6442794799804688,
166.69999999999999,3.1910552978515625,
166.79999999999998,3.3903427124023438,
166.90000000000001,3.0633010864257812,
167,2.7464828491210938,
167.09999999999999,2.5676345825195312,
167.19999999999999,2.4015579223632812,
167.29999999999998,2.2124862670898438,
167.40000000000001,2.0515213012695312,
167.5,2.0694046020507812,
167.59999999999999,2.018310546875,
167.69999999999999,1.8190155029296875,
167.79999999999998,1.7014846801757812,
167.90000000000001,1.7244796752929688,
168,1.85223388671875,
168.09999999999999,1.9697647094726562,
168.19999999999999,2.0131988525390625,
168.29999999999998,1.8828964233398438,
168.40000000000001,1.8369064331054688,
168.5,2.0566329956054688,
168.59999999999999,2.376007080078125,
168.69999999999999,2.6008453369140625,
168.79999999999998,2.7030487060546875,
168.90000000000001,2.6877212524414062,
169,2.6366195678710938,
169.09999999999999,2.5471954345703125,
169.19999999999999,2.4092254638671875,
169.29999999999998,2.3708953857421875,
169.40000000000001,2.347900390625,
169.5,2.3198013305664062,
169.59999999999999,2.2584762573242188,
169.69999999999999,2.0310821533203125,
169.79999999999998,1.85223388671875,
169.90000000000001,1.96209716796875,
170,2.1332855224609375,27.045770645141602
170.09999999999999,2.3555679321289062,
170.19999999999999,2.6366195678710938,
170.29999999999998,2.8767852783203125,
170.40000000000001,3.0173110961914062,
170.5,2.9176712036132812,
170.59999999999999,2.6468353271484375,
170.69999999999999,2.5829620361328125,
170.79999999999998,2.6468353271484375,
170.90000000000001,2.376007080078125,
171,1.8956680297851562,
171.09999999999999,1.6427230834960938,
171.19999999999999,1.5405197143554688,
171.29999999999998,1.438323974609375,
171.40000000000001,1.4357681274414062,
171.5,1.5635147094726562,
171.59999999999999,1.5149765014648438,
171.69999999999999,1.3437881469726562,
171.79999999999998,1.2185897827148438,
171.90000000000001,1.290130615234375,
172,1.5456314086914062,
172.09999999999999,1.696380615234375,
172.19999999999999,1.8190155029296875,
172.29999999999998,2.117950439453125,
172.40000000000001,2.4986495971679688,
172.5,2.835906982421875,
172.59999999999999,2.9866561889648438,
172.69999999999999,2.8946762084960938,
172.79999999999998,2.8282394409179688,
172.90000000000001,2.7592544555664062,
173,2.5344161987304688,
173.09999999999999,2.3632354736328125,
173.19999999999999,2.1588363647460938,
173.29999999999998,1.7270355224609375,
173.40000000000001,1.4459915161132812,
173.5,1.4255447387695312,
173.59999999999999,1.4587631225585938,
173.69999999999999,1.4051055908203125,
173.79999999999998,1.346343994140625,
173.90000000000001,1.5149765014648438,
174,1.806243896484375,
174.09999999999999,2.0489654541015625,
174.19999999999999,2.3555679321289062,
174.29999999999998,2.5114212036132812,
174.40000000000001,2.5471954345703125,
174.5,2.7745895385742188,
174.59999999999999,3.1476211547851562,
174.69999999999999,3.2702560424804688,
174.79999999999998,3.093963623046875,
174.90000000000001,2.7771453857421875,
175,2.3708953857421875,
175.09999999999999,2.1946029663085938,
175.19999999999999,2.1843795776367188,
175.29999999999998,2.0515213012695312,
175.40000000000001,1.880340576171875,
175.5,1.8650054931640625,
175.59999999999999,1.9135513305664062,
175.69999999999999,1.8931121826171875,
175.79999999999998,1.8394546508789062,
175.90000000000001,1.7065963745117188,
176,1.6606063842773438,
176.09999999999999,1.76025390625,
176.19999999999999,1.9109954833984375,
176.29999999999998,2.0004196166992188,
176.40000000000001,1.8905563354492188,
176.5,1.6810455322265625,
176.59999999999999,1.5865097045898438,
176.69999999999999,1.6324996948242188,
176.79999999999998,1.7576980590820312,
176.90000000000001,1.7985763549804688,
177,1.7347030639648438,
177.09999999999999,1.7449264526367188,
177.19999999999999,1.6606063842773438,
177.29999999999998,1.4715347290039062,
177.40000000000001,1.2773590087890625,
177.5,1.2134857177734375,
177.59999999999999,1.3795547485351562,
177.69999999999999,1.5226364135742188,
177.79999999999998,1.650390625,
177.90000000000001,1.8496780395507812,
178,1.7985763549804688,
178.09999999999999,1.7576980590820312,
178.19999999999999,2.0055313110351562,
178.29999999999998,2.2763595581054688,
178.40000000000001,2.5165328979492188,
178.5,2.7107162475585938,
178.59999999999999,2.9636611938476562,
178.69999999999999,2.9355545043945312,
178.79999999999998,2.7004928588867188,
178.90000000000001,2.4347763061523438,
179,2.2354812622070312,
179.09999999999999,2.3606796264648438,
179.19999999999999,2.5625228881835938,
179.29999999999998,2.4935379028320312,
179.40000000000001,2.2968063354492188,
179.5,1.9748764038085938,
179.59999999999999,1.5967330932617188,
179.69999999999999,1.4459915161132812,
179.79999999999998,1.4051055908203125,
179.90000000000001,1.3335647583007812,
180,1.254364013671875,28.037384033203125
180.09999999999999,1.3182373046875,
180.19999999999999,1.5328598022460938,
180.29999999999998,1.7909164428710938,
180.40000000000001,2.0975112915039062,
180.5,2.29425048828125,
180.59999999999999,2.4705429077148438,
180.69999999999999,2.6774978637695312,
180.79999999999998,2.7592544555664062,
180.90000000000001,2.8410186767578125,
181,2.8410186767578125,
181.09999999999999,2.5855178833007812,
181.19999999999999,2.3785629272460938,
181.29999999999998,2.2686996459960938,
181.40000000000001,2.1026229858398438,
181.5,1.898223876953125,
181.59999999999999,1.7244796752929688,
181.69999999999999,1.7755813598632812,
181.79999999999998,1.6836013793945312,
181.90000000000001,1.4434356689453125,
182,1.3616714477539062,
182.09999999999999,1.328460693359375,
182.19999999999999,1.33612060546875,
182.29999999999998,1.3948898315429688,
182.40000000000001,1.4076614379882812,
182.5,1.3718948364257812,
182.59999999999999,1.3693389892578125,
182.69999999999999,1.4076614379882812,
182.79999999999998,1.566070556640625,
182.90000000000001,1.880340576171875,
183,2.1792755126953125,
183.09999999999999,2.4245529174804688,
183.19999999999999,2.5497512817382812,
183.29999999999998,2.726043701171875,
183.40000000000001,2.7975845336914062,
183.5,2.669830322265625,
183.59999999999999,2.4807662963867188,
183.69999999999999,2.3249053955078125,
183.79999999999998,2.29425048828125,
183.90000000000001,2.248260498046875,
184,2.0923995971679688,
184.09999999999999,1.9212188720703125,
184.19999999999999,1.74237060546875,
184.29999999999998,1.502197265625,
184.40000000000001,1.2850265502929688,
184.5,1.26202392578125,
184.59999999999999,1.290130615234375,
184.69999999999999,1.2185897827148438,
184.79999999999998,1.1087265014648438,
184.90000000000001,1.0346298217773438,
185,0.960540771484375,
185.09999999999999,0.93498992919921875,
185.19999999999999,1.15216064453125,
185.29999999999998,1.622283935546875,
185.40000000000001,2.1256179809570312,
185.5,2.4628753662109375,
185.59999999999999,2.7158203125,
185.69999999999999,2.9381103515625,
185.79999999999998,3.1348419189453125,
185.90000000000001,3.3085861206054688,
186,3.4235610961914062,
186.09999999999999,3.4031143188476562,
186.19999999999999,3.203826904296875,
186.29999999999998,2.973876953125,
186.40000000000001,2.8589019775390625,
186.5,2.7234878540039062,
186.59999999999999,2.5293045043945312,
186.69999999999999,2.3427963256835938,
186.79999999999998,2.1435012817382812,
186.90000000000001,1.9493255615234375,
187,1.77813720703125,
187.09999999999999,1.6631622314453125,
187.19999999999999,1.512420654296875,
187.29999999999998,1.364227294921875,
187.40000000000001,1.2748031616210938,
187.5,1.2415847778320312,
187.59999999999999,1.2185897827148438,
187.69999999999999,1.2109298706054688,
187.79999999999998,1.2492523193359375,
187.90000000000001,1.41021728515625,
188,1.6631622314453125,
188.09999999999999,1.9467697143554688,
188.19999999999999,2.25592041015625,
188.29999999999998,2.5497512817382812,
188.40000000000001,2.7822494506835938,
188.5,2.973876953125,
188.59999999999999,3.1552810668945312,
188.69999999999999,3.2677001953125,
188.79999999999998,3.260040283203125,
188.89999999999998,3.111846923828125,
189,2.8793411254882812,
189.09999999999999,2.6672744750976562,
189.19999999999999,2.467987060546875,
189.29999999999998,2.2584762573242188,
189.39999999999998,2.0591888427734375,
189.5,1.8317947387695312,
189.59999999999999,1.6069564819335938,
189.69999999999999,1.4638748168945312,
189.79999999999998,1.3540115356445312,
189.89999999999998,1.2645797729492188,
190,1.1930389404296875,27.679204940795898
190.09999999999999,1.1291656494140625,
190.19999999999999,1.0806198120117188,
190.29999999999998,1.0397415161132812,
190.39999999999998,1.0346298217773438,
190.5,1.1087265014648438,
190.59999999999999,1.3156814575195312,
190.69999999999999,1.650390625,
190.79999999999998,2.0055313110351562,
190.89999999999998,2.3274612426757812,
191,2.60595703125,
191.09999999999999,2.84613037109375,
191.19999999999999,3.0914077758789062,
191.29999999999998,3.3264694213867188,
191.39999999999998,3.4644393920898438,
191.5,3.5385360717773438,
191.59999999999999,3.4210052490234375,
191.69999999999999,3.1578369140625,
191.79999999999998,2.9074478149414062,
191.89999999999998,2.6749420166015625,
192,2.4884262084960938,
192.09999999999999,2.3708953857421875,
192.19999999999999,2.248260498046875,
192.29999999999998,2.0847396850585938,
192.39999999999998,1.88800048828125,
192.5,1.6938247680664062,
192.59999999999999,1.52008056640625,
192.69999999999999,1.3770065307617188,
192.79999999999998,1.290130615234375,
192.89999999999998,1.236480712890625,
193,1.19049072265625,
193.09999999999999,1.1598281860351562,
193.19999999999999,1.1317214965820312,
193.29999999999998,1.1112823486328125,
193.39999999999998,1.0806198120117188,
193.5,1.0474090576171875,
193.59999999999999,1.0448532104492188,
193.69999999999999,1.0601806640625,
193.79999999999998,1.0831756591796875,
193.89999999999998,1.1777114868164062,
194,1.3770065307617188,
194.09999999999999,1.6452789306640625,
194.19999999999999,1.9365463256835938,
194.29999999999998,2.2457046508789062,
194.39999999999998,2.559967041015625,
194.5,2.84613037109375,
194.59999999999999,3.0990753173828125,
194.69999999999999,3.341796875,
194.79999999999998,3.5768585205078125,
194.89999999999998,3.6867218017578125,
195,3.4950942993164062,
195.09999999999999,3.21405029296875,
195.19999999999999,3.0403060913085938,
195.29999999999998,2.853790283203125,
195.39999999999998,2.66217041015625,
195.5,2.5088653564453125,
195.59999999999999,2.38623046875,
195.69999999999999,2.2712554931640625,
195.79999999999998,2.07196044921875,
195.89999999999998,1.8726730346679688,
196,1.7295913696289062,
196.09999999999999,1.6018447875976562,
196.19999999999999,1.4817581176757812,
196.29999999999998,1.3795547485351562,
196.39999999999998,1.3054656982421875,
196.5,1.2339248657226562,
196.59999999999999,1.1853790283203125,
196.69999999999999,1.180267333984375,
196.79999999999998,1.1828231811523438,
196.89999999999998,1.1725997924804688,
197,1.1930389404296875,
197.09999999999999,1.3029098510742188,
197.19999999999999,1.4868698120117188,
197.29999999999998,1.7117080688476562,
197.39999999999998,1.9953155517578125,
197.5,2.3095779418945312,
197.59999999999999,2.6212844848632812,
197.69999999999999,2.945770263671875,
197.79999999999998,3.2293777465820312,
197.89999999999998,3.3494644165039062,
198,3.2523727416992188,
198.09999999999999,3.0428619384765625,
198.19999999999999,2.864013671875,
198.29999999999998,2.7030487060546875,
198.39999999999998,2.5344161987304688,
198.5,2.3683395385742188,
198.59999999999999,2.2329254150390625,
198.69999999999999,2.11029052734375,
198.79999999999998,2.008087158203125,
198.89999999999998,1.9416580200195312,
199,1.8317947387695312,
199.09999999999999,1.6759414672851562,
199.19999999999999,1.5277481079101562,
199.29999999999998,1.41021728515625,
199.39999999999998,1.3131256103515625,
199.5,1.254364013671875,
199.59999999999999,1.2185897827148438,
199.69999999999999,1.1725997924804688,
199.79999999999998,1.1291656494140625,
199.89999999999998,1.0985107421875,
200,1.0831756591796875,21.929824829101562
200.09999999999999,1.0755157470703125,
200.19999999999999,1.0933990478515625,
200.29999999999998,1.2109298706054688,
200.39999999999998,1.4357681274414062,
200.5,1.7219314575195312,
200.59999999999999,2.0234146118164062,
200.69999999999999,2.2968063354492188,
200.79999999999998,2.51397705078125,
200.89999999999998,2.708160400390625,
201,2.8665695190429688,
201.09999999999999,3.0684127807617188,
201.19999999999999,3.185943603515625,
201.29999999999998,3.111846923828125,
201.39999999999998,2.8614578247070312,
201.5,2.6136245727539062,
201.59999999999999,2.4194412231445312,
201.69999999999999,2.2814712524414062,
201.79999999999998,2.2022705078125,
201.89999999999998,2.0898513793945312,
202,1.9518814086914062,
202.09999999999999,1.8139114379882812,
202.19999999999999,1.6759414672851562,
202.29999999999998,1.55841064453125,
202.39999999999998,1.4638748168945312,
202.5,1.41021728515625,
202.59999999999999,1.4127731323242188,
202.69999999999999,1.41021728515625,
202.79999999999998,1.382110595703125,
202.89999999999998,1.3540115356445312,
203,1.3770065307617188,
203.09999999999999,1.502197265625,
203.19999999999999,1.750030517578125,
203.29999999999998,2.0745162963867188,
203.39999999999998,2.4117813110351562,
203.5,2.6953811645507812,
203.59999999999999,2.8742294311523438,
203.69999999999999,3.001983642578125,
203.79999999999998,3.1348419189453125,
203.89999999999998,3.2421493530273438,
204,3.21405029296875,
204.09999999999999,3.0454177856445312,
204.19999999999999,2.8563461303710938,
204.29999999999998,2.6826095581054688,
204.39999999999998,2.5497512817382812,
204.5,2.47821044921875,
204.59999999999999,2.4117813110351562,
204.69999999999999,2.3734512329101562,
204.79999999999998,2.3427963256835938,
204.89999999999998,2.2303695678710938,
205,2.0872955322265625,
205.09999999999999,1.9927597045898438,
205.19999999999999,1.9416580200195312,
205.29999999999998,1.8777847290039062,
205.39999999999998,1.8036880493164062,
205.5,1.696380615234375,
205.59999999999999,1.6171722412109375,
205.69999999999999,1.612060546875,
205.79999999999998,1.6018447875976562,
205.89999999999998,1.5890655517578125,
206,1.566070556640625,
206.09999999999999,1.5354156494140625,
206.19999999999999,1.548187255859375,
206.29999999999998,1.6197280883789062,
206.39999999999998,1.7295913696289062,
206.5,1.9109954833984375,
206.59999999999999,2.1639404296875,
206.69999999999999,2.4271087646484375,
206.79999999999998,2.6723861694335938,
206.89999999999998,2.8870086669921875,
207,3.0428619384765625,
207.09999999999999,3.1373977661132812,
207.19999999999999,3.0811843872070312,
207.29999999999998,2.945770263671875,
207.39999999999998,2.7388153076171875,
207.5,2.524200439453125,
207.59999999999999,2.4092254638671875,
207.69999999999999,2.2686996459960938,
207.79999999999998,2.0923995971679688,
207.89999999999998,1.9365463256835938,
208,1.8087997436523438,
208.09999999999999,1.696380615234375,
208.19999999999999,1.6376113891601562,
208.29999999999998,1.6171722412109375,
208.39999999999998,1.5992889404296875,
208.5,1.5737380981445312,
208.59999999999999,1.5456314086914062,
208.69999999999999,1.502197265625,
208.79999999999998,1.4613189697265625,
208.89999999999998,1.4970855712890625,
209,1.640167236328125,
209.09999999999999,1.8369064331054688,
209.19999999999999,2.018310546875,
209.29999999999998,2.2048263549804688,
209.39999999999998,2.4015579223632812,
209.5,2.5650787353515625,
209.59999999999999,2.7745895385742188,
209.69999999999999,2.9304428100585938,
209.79999999999998,2.9202194213867188,
209.89999999999998,2.7362594604492188,
210,2.5165328979492188,20.94972038269043
210.09999999999999,2.3632354736328125,
210.19999999999999,2.2329254150390625,
210.29999999999998,2.1358413696289062,
210.39999999999998,2.0745162963867188,
210.5,1.990203857421875,
210.59999999999999,1.8854446411132812,
210.69999999999999,1.7755813598632812,
210.79999999999998,1.6912689208984375,
210.89999999999998,1.6146163940429688,
211,1.55841064453125,
211.09999999999999,1.5456314086914062,
211.19999999999999,1.5354156494140625,
211.29999999999998,1.5251922607421875,
211.39999999999998,1.5073089599609375,
211.5,1.4766464233398438,
211.59999999999999,1.4434356689453125,
211.69999999999999,1.4000015258789062,
211.79999999999998,1.3718948364257812,
211.89999999999998,1.3693389892578125,
212,1.3718948364257812,
212.09999999999999,1.3770065307617188,
212.19999999999999,1.4076614379882812,
212.29999999999998,1.4792022705078125,
212.39999999999998,1.6069564819335938,
212.5,1.7755813598632812,
212.59999999999999,1.990203857421875,
212.69999999999999,2.2048263549804688,
212.79999999999998,2.347900390625,
212.89999999999998,2.4705429077148438,
213,2.6008453369140625,
213.09999999999999,2.7388153076171875,
213.19999999999999,2.8103561401367188,
213.29999999999998,2.7464828491210938,
213.39999999999998,2.6187362670898438,
213.5,2.4833145141601562,
213.59999999999999,2.3427963256835938,
213.69999999999999,2.22015380859375,
213.79999999999998,2.1409454345703125,
213.89999999999998,2.0591888427734375,
214,1.96209716796875,
214.09999999999999,1.8624496459960938,
214.19999999999999,1.7653656005859375,
214.29999999999998,1.6631622314453125,
214.39999999999998,1.5737380981445312,
214.5,1.4945297241210938,
214.59999999999999,1.4408798217773438,
214.69999999999999,1.4025497436523438,
214.79999999999998,1.3795547485351562,
214.89999999999998,1.37445068359375,
215,1.364227294921875,
215.09999999999999,1.346343994140625,
215.19999999999999,1.3233489990234375,
215.29999999999998,1.3105697631835938,
215.39999999999998,1.2952423095703125,
215.5,1.3080215454101562,
215.59999999999999,1.3591156005859375,
215.69999999999999,1.438323974609375,
215.79999999999998,1.5686264038085938,
215.89999999999998,1.7474746704101562,
216,1.9288864135742188,
216.09999999999999,2.1026229858398438,
216.19999999999999,2.2968063354492188,
216.29999999999998,2.5190887451171875,
216.39999999999998,2.7337112426757812,
216.5,2.910003662109375,
216.59999999999999,2.9662094116210938,
216.69999999999999,2.8307952880859375,
216.79999999999998,2.58807373046875,
216.89999999999998,2.3785629272460938,
217,2.2457046508789062,
217.09999999999999,2.1230621337890625,
217.19999999999999,1.9850921630859375,
217.29999999999998,1.8650054931640625,
217.39999999999998,1.7474746704101562,
217.5,1.6427230834960938,
217.59999999999999,1.5814056396484375,
217.69999999999999,1.5430755615234375,
217.79999999999998,1.4945297241210938,
217.89999999999998,1.4357681274414062,
218,1.392333984375,
218.09999999999999,1.3565597534179688,
218.19999999999999,1.3259048461914062,
218.29999999999998,1.3207931518554688,
218.39999999999998,1.3207931518554688,
218.5,1.3156814575195312,
218.59999999999999,1.3182373046875,
218.69999999999999,1.3693389892578125,
218.79999999999998,1.4868698120117188,
218.89999999999998,1.6836013793945312,
219,1.9135513305664062,
219.09999999999999,2.1026229858398438,
219.19999999999999,2.266143798828125,
219.29999999999998,2.4219970703125,
219.39999999999998,2.5957412719726562,
219.5,2.7592544555664062,
219.59999999999999,2.8282394409179688,
219.69999999999999,2.7413711547851562,
219.79999999999998,2.5522994995117188,
219.89999999999998,2.347900390625,
220,2.1690521240234375,19.29949951171875
220.09999999999999,2.0336380004882812,
220.19999999999999,1.9007797241210938,
220.29999999999998,1.7806930541992188,
220.39999999999998,1.70404052734375,
220.5,1.6427230834960938,
220.59999999999999,1.5686264038085938,
220.69999999999999,1.4868698120117188,
220.79999999999998,1.4127731323242188,
220.89999999999998,1.3488998413085938,
221,1.30035400390625,
221.09999999999999,1.2875747680664062,
221.19999999999999,1.282470703125,
221.29999999999998,1.2569198608398438,
221.39999999999998,1.2288131713867188,
221.5,1.2032623291015625,
221.59999999999999,1.1777114868164062,
221.69999999999999,1.1572723388671875,
221.79999999999998,1.1725997924804688,
221.89999999999998,1.2415847778320312,
222,1.3718948364257812,
222.09999999999999,1.548187255859375,
222.19999999999999,1.7525863647460938,
222.29999999999998,1.9697647094726562,
222.39999999999998,2.1128463745117188,
222.5,2.2891387939453125,
222.59999999999999,2.51397705078125,
222.69999999999999,2.7209320068359375,
222.79999999999998,2.8563461303710938,
222.89999999999998,2.8512344360351562,
223,2.6647262573242188,
223.09999999999999,2.4015579223632812,
223.19999999999999,2.1767196655273438,
223.29999999999998,2.0234146118164062,
223.39999999999998,1.9288864135742188,
223.5,1.8343505859375,
223.59999999999999,1.7244796752929688,
223.69999999999999,1.6324996948242188,
223.79999999999998,1.5609664916992188,
223.89999999999998,1.4766464233398438,
224,1.4357681274414062,
224.09999999999999,1.4587631225585938,
224.19999999999999,1.456207275390625,
224.29999999999998,1.4229965209960938,
224.39999999999998,1.392333984375,
224.5,1.3667831420898438,
224.59999999999999,1.3386764526367188,
224.69999999999999,1.328460693359375,
224.79999999999998,1.3488998413085938,
224.89999999999998,1.3795547485351562,
225,1.4638748168945312,
225.09999999999999,1.6248397827148438,
225.19999999999999,1.8215713500976562,
225.29999999999998,2.0234146118164062,
225.39999999999998,2.2252655029296875,
225.5,2.4526596069335938,
225.59999999999999,2.6928253173828125,
225.69999999999999,2.8946762084960938,
225.79999999999998,3.0224227905273438,
225.89999999999998,3.0070953369140625,
226,2.8333511352539062,
226.09999999999999,2.5855178833007812,
226.19999999999999,2.3657913208007812,
226.29999999999998,2.2073745727539062,
226.39999999999998,2.07196044921875,
226.5,1.9237747192382812,
226.59999999999999,1.806243896484375,
226.69999999999999,1.6887130737304688,
226.79999999999998,1.5839614868164062,
226.89999999999998,1.48431396484375,
227,1.4229965209960938,
227.09999999999999,1.3846664428710938,
227.19999999999999,1.3488998413085938,
227.29999999999998,1.3156814575195312,
227.39999999999998,1.2799148559570312,
227.5,1.2466964721679688,
227.59999999999999,1.2211456298828125,
227.69999999999999,1.2339248657226562,
227.79999999999998,1.282470703125,
227.89999999999998,1.3770065307617188,
228,1.5430755615234375,
228.09999999999999,1.7449264526367188,
228.19999999999999,1.933990478515625,
228.29999999999998,2.117950439453125,
228.39999999999998,2.3453445434570312,
228.5,2.5625228881835938,
228.59999999999999,2.7158203125,
228.69999999999999,2.8205795288085938,
228.79999999999998,2.7771453857421875,
228.89999999999998,2.5650787353515625,
229,2.3325729370117188,
229.09999999999999,2.1843795776367188,
229.19999999999999,2.0898513793945312,
229.29999999999998,1.9672088623046875,
229.39999999999998,1.8011322021484375,
229.5,1.640167236328125,
229.59999999999999,1.5073089599609375,
229.69999999999999,1.4076614379882812,
229.79999999999998,1.3565597534179688,
229.89999999999998,1.3310165405273438,
230,1.3029098510742188,19.72242546081543
230.09999999999999,1.272247314453125,
230.19999999999999,1.2390289306640625,
230.29999999999998,1.2058181762695312,
230.39999999999998,1.1955947875976562,
230.5,1.2083740234375,
230.59999999999999,1.244140625,
230.69999999999999,1.392333984375,
230.79999999999998,1.6554946899414062,
230.89999999999998,1.9467697143554688,
231,2.2278213500976562,
231.09999999999999,2.5625228881835938,
231.19999999999999,2.9023361206054688,
231.29999999999998,3.1373977661132812,
231.39999999999998,3.2523727416992188,
231.5,3.221710205078125,
231.59999999999999,3.0633010864257812,
231.69999999999999,2.9355545043945312,
231.79999999999998,2.9151153564453125,
231.89999999999998,2.9789886474609375,
232,2.99176025390625,
232.09999999999999,2.7337112426757812,
232.19999999999999,2.2610321044921875,
232.29999999999998,1.8573455810546875,
232.39999999999998,1.512420654296875,
232.5,1.3386764526367188,
232.59999999999999,1.2875747680664062,
232.69999999999999,1.244140625,
232.79999999999998,1.3259048461914062,
232.89999999999998,1.548187255859375,
233,2.1051788330078125,
233.09999999999999,2.7183761596679688,
233.19999999999999,2.9253311157226562,
233.29999999999998,2.9943161010742188,
233.39999999999998,3.2677001953125,
233.5,3.6969451904296875,
233.59999999999999,3.9831008911132812,
233.69999999999999,3.921783447265625,
233.79999999999998,3.6560592651367188,
233.89999999999998,3.5180892944335938,
234,3.4772109985351562,
234.09999999999999,3.3571243286132812,
234.19999999999999,3.352020263671875,
234.29999999999998,3.3928985595703125,
234.39999999999998,2.9636611938476562,
234.5,2.2635879516601562,
234.59999999999999,1.806243896484375,
234.69999999999999,1.5635147094726562,
234.79999999999998,1.3412322998046875,
234.89999999999998,1.1266098022460938,
235,1.0371856689453125,
235.09999999999999,1.3591156005859375,
235.19999999999999,1.9774246215820312,
235.29999999999998,2.4296646118164062,
235.39999999999998,2.8410186767578125,
235.5,3.5002059936523438,
235.59999999999999,3.8783493041992188,
235.69999999999999,3.7710342407226562,
235.79999999999998,3.6126251220703125,
235.89999999999998,3.387786865234375,
236,3.0862960815429688,
236.09999999999999,2.6851654052734375,
236.19999999999999,2.1843795776367188,
236.29999999999998,1.8445663452148438,
236.39999999999998,1.6146163940429688,
236.5,1.5737380981445312,
236.59999999999999,1.6861572265625,
236.69999999999999,1.8650054931640625,
236.79999999999998,2.0208663940429688,
236.89999999999998,1.9518814086914062,
237,1.5814056396484375,
237.09999999999999,1.198150634765625,
237.19999999999999,1.0167465209960938,
237.29999999999998,1.1010589599609375,
237.39999999999998,1.4229965209960938,
237.5,1.990203857421875,
237.59999999999999,2.6468353271484375,
237.69999999999999,3.2574844360351562,
237.79999999999998,3.8349151611328125,
237.89999999999998,4.2973709106445312,
238,4.5043258666992188,
238.09999999999999,4.1772842407226562,
238.19999999999999,3.5921859741210938,
238.29999999999998,3.221710205078125,
238.39999999999998,2.9892044067382812,
238.5,2.7669219970703125,
238.59999999999999,2.3990020751953125,
238.69999999999999,1.97998046875,
238.79999999999998,1.6146163940429688,
238.89999999999998,1.3182373046875,
239,1.272247314453125,
239.09999999999999,1.4229965209960938,
239.19999999999999,1.5558547973632812,
239.29999999999998,1.650390625,
239.39999999999998,1.6376113891601562,
239.5,1.5073089599609375,
239.59999999999999,1.4970855712890625,
239.69999999999999,1.612060546875,
239.79999999999998,1.8471221923828125,
239.89999999999998,2.1332855224609375,
240,2.3146896362304688,21.88006591796875
240.09999999999999,2.6085128784179688,
240.19999999999999,2.9687652587890625,
240.29999999999998,3.1936111450195312,
240.39999999999998,3.35968017578125,
240.5,3.3954544067382812,
240.59999999999999,3.1910552978515625,
240.69999999999999,2.761810302734375,
240.79999999999998,2.4015579223632812,
240.89999999999998,2.1230621337890625,
241,1.9672088623046875,
241.09999999999999,1.8752288818359375,
241.19999999999999,1.6784896850585938,
241.29999999999998,1.4459915161132812,
241.39999999999998,1.26202392578125,
241.5,1.1419448852539062,
241.59999999999999,1.162384033203125,
241.69999999999999,1.3310165405273438,
241.79999999999998,1.5328598022460938,
241.89999999999998,1.750030517578125,
242,1.898223876953125,
242.09999999999999,1.8905563354492188,
242.19999999999999,1.8828964233398438,
242.29999999999998,1.9953155517578125,
242.39999999999998,2.1869354248046875,
242.5,2.3708953857421875,
242.59999999999999,2.467987060546875,
242.69999999999999,2.4807662963867188,
242.79999999999998,2.4730987548828125,
242.89999999999998,2.450103759765625,
243,2.4015579223632812,
243.09999999999999,2.266143798828125,
243.19999999999999,2.0285263061523438,
243.29999999999998,1.842010498046875,
243.39999999999998,1.7985763549804688,
243.5,1.9442138671875,
243.59999999999999,2.2431488037109375,
243.69999999999999,2.1639404296875,
243.79999999999998,1.7270355224609375,
243.89999999999998,1.4766464233398438,
244,1.3872222900390625,
244.09999999999999,1.3131256103515625,
244.19999999999999,1.198150634765625,
244.29999999999998,1.0627365112304688,
244.39999999999998,0.94776153564453125,
244.5,0.95798492431640625,
244.59999999999999,1.1853790283203125,
244.69999999999999,1.530303955078125,
244.79999999999998,1.8726730346679688,
244.89999999999998,2.1077346801757812,
245,2.3504562377929688,
245.09999999999999,2.5855178833007812,
245.19999999999999,2.88189697265625,
245.29999999999998,3.17572021484375,
245.39999999999998,3.3443527221679688,
245.5,3.3085861206054688,
245.59999999999999,3.0709686279296875,
245.69999999999999,2.7515945434570312,
245.79999999999998,2.4654312133789062,
245.89999999999998,2.2533645629882812,
246,2.0668563842773438,
246.09999999999999,1.92633056640625,
246.19999999999999,1.8624496459960938,
246.29999999999998,1.7832489013671875,
246.39999999999998,1.66827392578125,
246.5,1.5532989501953125,
246.59999999999999,1.4357681274414062,
246.69999999999999,1.3386764526367188,
246.79999999999998,1.2977981567382812,
246.89999999999998,1.2799148559570312,
247,1.26202392578125,
247.09999999999999,1.26202392578125,
247.19999999999999,1.254364013671875,
247.29999999999998,1.2058181762695312,
247.39999999999998,1.1470489501953125,
247.5,1.1419448852539062,
247.59999999999999,1.1649398803710938,
247.69999999999999,1.1700439453125,
247.79999999999998,1.180267333984375,
247.89999999999998,1.2237014770507812,
248,1.3488998413085938,
248.09999999999999,1.5379714965820312,
248.19999999999999,1.7704696655273438,
248.29999999999998,2.0438613891601562,
248.39999999999998,2.2891387939453125,
248.5,2.47821044921875,
248.59999999999999,2.6136245727539062,
248.69999999999999,2.7030487060546875,
248.79999999999998,2.6902694702148438,
248.89999999999998,2.5446395874023438,
249,2.3427963256835938,
249.09999999999999,2.100067138671875,
249.19999999999999,1.842010498046875,
249.29999999999998,1.6606063842773438,
249.39999999999998,1.4536514282226562,
249.5,1.2748031616210938,
249.59999999999999,1.162384033203125,
249.69999999999999,1.0959548950195312,
249.79999999999998,1.0397415161132812,
249.89999999999998,1.014190673828125,
250,1.0090789794921875,21.352313995361328
250.09999999999999,0.996307373046875,
250.19999999999999,1.00653076171875,
250.29999999999998,1.0985107421875,
250.39999999999998,1.282470703125,
250.5,1.4919815063476562,
250.59999999999999,1.6861572265625,
250.69999999999999,1.9007797241210938,
250.79999999999998,2.1435012817382812,
250.89999999999998,2.4066696166992188,
251,2.66217041015625,
251.09999999999999,2.8895645141601562,
251.19999999999999,3.0735244750976562,
251.29999999999998,3.0786361694335938,
251.39999999999998,2.9048919677734375,
251.5,2.743927001953125,
251.59999999999999,2.6008453369140625,
251.69999999999999,2.4347763061523438,
251.79999999999998,2.2789154052734375,
251.89999999999998,2.156280517578125,
252,2.0464096069335938,
252.09999999999999,1.9595413208007812,
252.19999999999999,1.9237747192382812,
252.29999999999998,1.8650054931640625,
252.39999999999998,1.7653656005859375,
252.5,1.6657180786132812,
252.59999999999999,1.5711822509765625,
252.69999999999999,1.474090576171875,
252.79999999999998,1.3974456787109375,
252.89999999999998,1.364227294921875,
253,1.3565597534179688,
253.09999999999999,1.33612060546875,
253.19999999999999,1.3054656982421875,
253.29999999999998,1.2645797729492188,
253.39999999999998,1.216033935546875,
253.5,1.1674957275390625,
253.59999999999999,1.144500732421875,
253.69999999999999,1.15216064453125,
253.79999999999998,1.1598281860351562,
253.89999999999998,1.162384033203125,
254,1.15216064453125,
254.09999999999999,1.13427734375,
254.19999999999999,1.124053955078125,
254.29999999999998,1.124053955078125,
254.39999999999998,1.2109298706054688,
254.5,1.4281005859375,
254.59999999999999,1.6836013793945312,
254.69999999999999,1.9007797241210938,
254.79999999999998,2.0923995971679688,
254.89999999999998,2.284027099609375,
255,2.4909820556640625,
255.09999999999999,2.66217041015625,
