ts,x,y,z
1679518670845465,-9.74,1.23,-0.02
1679518670945465,-9.72,1.28,-0.04
1679518671047465,-9.75,1.27,-0.05
1679518671147465,-9.75,1.29,-0.08
1679518671248465,-9.73,1.29,-0.06
1679518671349465,-9.77,1.29,-0.1
1679518671450465,-9.75,1.28,-0.08
1679518671550465,-9.73,1.28,-0.05
1679518671651465,-9.74,1.27,-0.04
1679518671751465,-9.73,1.27,-0.09
1679518671852465,-9.73,1.27,-0.1
1679518671953465,-9.76,1.26,-0.12
1679518672054465,-9.72,1.3,-0.02
1679518672155465,-9.78,1.25,-0.09
1679518672256465,-9.75,1.33,-0.07
1679518672356465,-9.77,1.32,-0.1
1679518672457465,-9.75,1.26,-0.09
1679518672558465,-9.7,1.3,0.06
1679518672658465,-9.77,1.25,-0.01
1679518672759465,-9.83,1.24,-0.06
1679518672860465,-9.83,1.27,-0.02
1679518672961465,-10.24,2.29,-1.97
1679518673062465,-10.27,3.26,-0.98
1679518673162465,-9.93,1.3,0.0
1679518673262465,-8.59,1.52,0.13
1679518673362465,-8.03,1.72,-3.38
1679518673463465,-9.72,4.83,-0.82
1679518673564465,-9.94,4.33,-0.57
1679518673665465,-9.28,1.35,-3.75
1679518673767465,-10.31,1.75,0.4
1679518673868465,-8.47,2.53,-2.34
1679518673968465,-9.67,6.35,-1.93
1679518674069465,-9.9,3.88,-1.96
1679518674170465,-9.14,-1.16,-1.81
1679518674271465,-9.03,1.02,-2.81
1679518674371465,-9.51,2.42,-1.6
1679518674471464,-10.06,4.24,0.47
1679518674572465,-9.28,3.6,-1.65
1679518674673465,-9.72,2.57,-1.51
1679518674774465,-8.41,-0.18,-4.22
1679518674875465,-10.04,2.43,-0.03
1679518674976465,-10.31,3.56,1.95
1679518675076465,-9.37,1.42,-2.21
1679518675176465,-9.32,4.99,-3.09
1679518675277465,-10.18,2.0,-1.46
1679518675378465,-9.33,-1.95,-1.87
1679518675479465,-8.84,1.14,-0.67
1679518675580465,-10.55,4.99,2.17
1679518675681465,-10.49,2.4,-1.9
1679518675782465,-8.96,3.95,-3.26
1679518675883465,-9.32,1.2,-1.75
1679518675984465,-9.93,0.4,1.63
1679518676085465,-9.13,0.59,-1.69
1679518676186465,-9.71,8.18,-0.71
1679518676287465,-10.1,2.89,-1.24
1679518676388466,-8.83,-1.08,-2.29
1679518676489466,-9.67,1.17,0.06
1679518676590466,-9.96,2.41,-0.83
1679518676691466,-9.48,2.31,-4.06
1679518676792466,-10.19,4.85,0.24
1679518676892466,-9.0,0.63,-0.89
1679518676992466,-9.52,0.11,-1.48
1679518677093466,-10.46,0.12,-0.53
1679518677194466,-9.5,1.52,-1.38
1679518677295466,-8.72,1.85,-1.78
1679518677395466,-11.3,-0.15,0.41
1679518677495466,-9.75,-0.73,-0.34
1679518677595466,-9.85,0.35,-0.15
1679518677697465,-9.96,0.53,-0.2
1679518677797464,-10.06,0.22,-0.36
1679518677898465,-9.88,0.37,-0.19
1679518677998464,-9.87,0.35,-0.34
1679518678099465,-9.89,0.42,-0.31
1679518678200465,-9.9,0.37,-0.24
1679518678301465,-9.86,0.37,-0.27
1679518678402465,-9.83,0.37,-0.22
1679518678502465,-9.85,0.31,-0.23
1679518678603465,-9.86,0.42,-0.25
1679518678704465,-9.85,0.38,-0.24
1679518678805465,-9.83,0.34,-0.26
1679518678906465,-9.82,0.39,-0.22
1679518679007465,-9.84,0.44,-0.21
1679518679108465,-9.88,0.4,-0.28
1679518679209465,-9.84,0.38,-0.21
1679518679309465,-9.86,0.41,-0.22
1679518679410465,-9.81,0.39,-0.24
1679518679511465,-9.83,0.36,-0.26
1679518679612465,-9.8,0.42,-0.25
1679518679713465,-9.83,0.43,-0.24
1679518679814465,-9.84,0.42,-0.25
1679518679915465,-9.82,0.39,-0.24
1679518680015465,-9.81,0.36,-0.23
1679518680116465,-9.84,0.38,-0.26
1679518680216465,-9.83,0.38,-0.22
1679518680317465,-9.82,0.45,-0.24
1679518680418465,-9.83,0.39,-0.2
1679518680518465,-9.83,0.38,-0.23
1679518680619465,-9.83,0.44,-0.26
1679518680720466,-9.82,0.45,-0.23
1679518680820465,-9.82,0.45,-0.2
1679518680921465,-9.82,0.42,-0.21
1679518681022465,-9.8,0.41,-0.24
1679518681122465,-9.85,0.38,-0.27
1679518681223465,-9.83,0.41,-0.26
1679518681324465,-9.83,0.4,-0.29
1679518681426465,-9.82,0.46,-0.2
1679518681527465,-9.82,0.42,-0.24
1679518681628465,-9.81,0.38,-0.23
1679518681729465,-9.83,0.4,-0.21
1679518681830465,-9.82,0.42,-0.26
1679518681931465,-9.83,0.39,-0.26
1679518682032465,-9.83,0.39,-0.26
1679518682133465,-9.82,0.39,-0.25
1679518682235465,-9.81,0.42,-0.23
1679518682336465,-9.8,0.37,-0.27
1679518682437465,-9.82,0.45,-0.25
1679518682538465,-9.88,0.4,-0.23
1679518682639465,-9.83,0.4,-0.18
1679518682740466,-9.82,0.4,-0.2
1679518682840465,-9.81,0.41,-0.21
1679518682941465,-9.81,0.42,-0.19
1679518683041465,-9.84,0.38,-0.24
1679518683142465,-9.83,0.41,-0.23
1679518683242465,-9.84,0.43,-0.22
1679518683343465,-9.83,0.43,-0.21
1679518683445465,-9.83,0.42,-0.25
1679518683546465,-9.83,0.44,-0.21
1679518683647466,-9.81,0.4,-0.2
1679518683748466,-9.85,0.4,-0.22
1679518683849466,-9.83,0.41,-0.19
1679518683950466,-9.83,0.42,-0.22
1679518684051466,-9.83,0.38,-0.2
1679518684152466,-9.83,0.45,-0.21
1679518684253466,-9.83,0.42,-0.17
1679518684354465,-9.82,0.43,-0.21
1679518684455465,-9.86,0.39,-0.25
1679518684556465,-9.81,0.42,-0.16
1679518684657465,-9.8,0.43,-0.19
1679518684758465,-9.82,0.4,-0.23
1679518684858465,-9.82,0.44,-0.18
1679518684959465,-9.82,0.43,-0.19
1679518685060465,-9.85,0.39,-0.22
1679518685161465,-9.85,0.37,-0.18
1679518685262465,-9.81,0.39,-0.18
1679518685363465,-9.82,0.4,-0.22
1679518685464465,-9.82,0.44,-0.21
1679518685565465,-9.85,0.41,-0.23
1679518685665465,-9.85,0.39,-0.2
1679518685766465,-9.83,0.37,-0.21
1679518685866465,-9.82,0.42,-0.17
1679518685966465,-9.82,0.37,-0.25
1679518686067465,-9.85,0.39,-0.26
1679518686168465,-9.84,0.42,-0.19
1679518686269465,-9.82,0.42,-0.18
1679518686369465,-9.82,0.45,-0.22
1679518686470465,-9.85,0.4,-0.24
1679518686570465,-9.79,0.42,-0.18
1679518686671465,-9.83,0.43,-0.22
1679518686771465,-9.83,0.38,-0.25
1679518686872465,-9.83,0.39,-0.27
1679518686972465,-9.84,0.39,-0.2
1679518687073465,-9.84,0.41,-0.26
1679518687174465,-9.84,0.43,-0.21
1679518687274465,-9.84,0.44,-0.28
1679518687374465,-9.83,0.42,-0.26
1679518687474465,-9.84,0.38,-0.22
1679518687575465,-9.85,0.4,-0.23
1679518687676465,-9.84,0.38,-0.23
1679518687776465,-9.85,0.37,-0.24
1679518687877465,-9.83,0.37,-0.22
1679518687978465,-9.83,0.37,-0.2
1679518688078465,-9.82,0.38,-0.22
1679518688178465,-9.83,0.36,-0.22
1679518688279465,-9.84,0.41,-0.22
1679518688379464,-9.82,0.39,-0.23
1679518688480465,-9.83,0.44,-0.22
1679518688580464,-9.83,0.4,-0.23
1679518688680464,-9.83,0.42,-0.22
1679518688781464,-9.83,0.4,-0.2
1679518688882465,-9.82,0.42,-0.25
1679518688983465,-9.85,0.41,-0.21
1679518689084465,-9.83,0.42,-0.18
1679518689185465,-9.85,0.49,-0.22
1679518689286465,-9.83,0.4,-0.21
1679518689386465,-9.82,0.53,-0.13
1679518689487465,-9.91,0.37,-0.13
1679518689588465,-10.05,0.81,0.06
1679518689688465,-10.2,1.18,0.19
1679518689789465,-8.95,3.7,-0.72
1679518689889465,-9.69,2.48,0.04
1679518689989465,-9.17,0.26,0.5
1679518690090465,-8.88,1.23,0.32
1679518690191465,-8.62,1.32,0.89
1679518690290465,-9.72,3.34,0.45
1679518690391465,-9.18,3.63,1.15
1679518690492465,-9.12,3.36,1.22
1679518690594465,-9.23,3.27,1.14
1679518690694465,-9.39,2.91,1.14
1679518690795465,-9.32,3.4,1.02
1679518690896465,-9.12,3.51,1.2
1679518690996465,-9.99,4.19,1.13
1679518691097465,-9.16,3.41,1.31
1679518691198465,-9.28,3.26,0.89
1679518691298465,-9.29,3.43,1.09
1679518691398465,-9.18,3.48,1.14
1679518691498464,-9.27,3.02,1.17
1679518691599465,-9.26,3.3,1.07
1679518691699464,-9.16,3.43,1.13
1679518691800464,-9.37,3.07,1.15
1679518691901465,-9.09,3.52,1.16
1679518692003465,-9.08,3.51,1.19
1679518692103464,-9.15,3.33,1.18
1679518692204465,-9.24,3.35,1.19
1679518692305465,-8.98,3.5,1.21
1679518692405465,-9.29,3.34,1.3
1679518692506465,-9.39,3.28,1.26
1679518692607465,-9.36,3.02,1.33
1679518692706465,-9.17,3.14,1.2
1679518692807465,-9.06,2.95,1.28
1679518692908465,-9.21,2.95,1.14
1679518693009465,-9.18,3.29,1.23
1679518693110465,-9.17,3.3,1.33
1679518693210465,-9.57,3.07,1.16
1679518693311465,-9.11,3.34,1.17
1679518693412465,-9.27,3.2,1.07
1679518693513465,-9.29,3.3,1.12
1679518693614465,-9.16,3.29,1.2
1679518693715465,-9.61,3.14,0.96
1679518693815465,-9.39,3.0,0.97
1679518693915465,-9.14,3.36,1.38
1679518694016465,-9.07,3.39,0.85
1679518694117465,-9.28,3.45,0.78
1679518694217465,-9.22,3.33,1.0
1679518694318465,-9.11,3.48,1.08
1679518694419465,-9.08,3.7,1.04
1679518694520465,-9.41,3.26,0.58
1679518694621465,-9.75,2.79,0.32
1679518694723465,-9.4,3.91,0.74
1679518694824465,-9.62,3.0,0.15
1679518694925465,-9.47,2.78,0.08
1679518695025465,-9.12,3.35,-0.42
1679518695126465,-8.45,2.72,-0.37
1679518695227465,-9.27,1.04,-0.2
1679518695328465,-10.53,4.07,-0.46
1679518695429465,-9.79,2.47,-0.18
1679518695529465,-9.68,1.79,-0.36
1679518695630465,-9.71,1.54,-0.53
1679518695731465,-9.74,1.41,-0.62
1679518695831465,-9.65,1.61,-0.45
1679518695933465,-9.75,1.41,-0.56
1679518696033465,-9.69,1.5,-0.51
1679518696133465,-9.67,1.45,-0.5
1679518696234465,-9.71,1.52,-0.48
1679518696334465,-9.69,1.47,-0.39
1679518696434465,-9.72,1.51,-0.49
1679518696535465,-9.72,1.51,-0.46
1679518696635465,-9.7,1.61,-0.47
1679518696736465,-9.69,1.56,-0.39
1679518696837465,-9.76,1.59,-0.47
1679518696938465,-9.73,1.55,-0.38
1679518697039465,-9.66,1.49,-0.35
1679518697140465,-9.72,1.51,-0.38
1679518697240465,-9.71,1.54,-0.38
1679518697341465,-9.69,1.51,-0.37
1679518697441465,-9.73,1.53,-0.35
1679518697543465,-9.72,1.5,-0.39
1679518697644465,-9.71,1.56,-0.35
1679518697745465,-9.7,1.56,-0.35
1679518697845465,-9.69,1.51,-0.39
1679518697946465,-9.68,1.48,-0.33
1679518698047465,-9.71,1.5,-0.4
1679518698147465,-9.69,1.51,-0.39
1679518698248465,-9.71,1.5,-0.4
1679518698349465,-9.7,1.56,-0.39
1679518698449465,-9.7,1.55,-0.37
1679518698550465,-9.69,1.54,-0.35
1679518698651465,-9.72,1.56,-0.34
1679518698752465,-9.72,1.54,-0.38
1679518698853465,-9.71,1.58,-0.32
1679518698954465,-9.68,1.55,-0.33
1679518699055465,-9.7,1.56,-0.35
1679518699156465,-9.72,1.5,-0.36
1679518699257465,-9.7,1.52,-0.35
1679518699358465,-9.7,1.51,-0.34
1679518699459465,-9.74,1.55,-0.41
1679518699559465,-9.7,1.54,-0.4
1679518699659465,-9.73,1.56,-0.37
1679518699760465,-9.71,1.55,-0.36
1679518699862465,-9.7,1.58,-0.36
1679518699963465,-9.73,1.57,-0.39
1679518700064465,-9.7,1.55,-0.36
1679518700164465,-9.71,1.53,-0.3
1679518700265465,-9.7,1.53,-0.31
1679518700366465,-9.69,1.57,-0.31
1679518700467466,-9.72,1.55,-0.3
1679518700568466,-9.7,1.52,-0.33
1679518700669466,-9.7,1.55,-0.38
1679518700770466,-9.71,1.54,-0.35
1679518700870466,-9.7,1.58,-0.32
1679518700972465,-9.71,1.58,-0.36
1679518701073465,-9.7,1.58,-0.34
1679518701174465,-9.69,1.54,-0.35
1679518701274465,-9.73,1.55,-0.32
1679518701374465,-9.72,1.56,-0.36
1679518701475465,-9.71,1.57,-0.37
1679518701576465,-9.71,1.53,-0.33
1679518701677465,-9.67,1.55,-0.36
1679518701778465,-9.69,1.53,-0.35
1679518701878465,-9.71,1.55,-0.35
1679518701978465,-9.7,1.53,-0.34
1679518702079465,-9.68,1.53,-0.34
1679518702180465,-9.72,1.57,-0.35
1679518702282465,-9.72,1.57,-0.36
1679518702383465,-9.73,1.55,-0.35
1679518702483465,-9.69,1.55,-0.36
1679518702584465,-9.71,1.57,-0.35
1679518702685465,-9.69,1.55,-0.31
1679518702786465,-9.74,1.6,-0.36
1679518702887465,-9.74,1.56,-0.33
1679518702988465,-9.71,1.57,-0.36
1679518703089465,-9.71,1.56,-0.37
1679518703190465,-9.67,1.53,-0.34
1679518703291465,-9.71,1.53,-0.26
1679518703392465,-9.68,1.53,-0.33
1679518703493466,-9.72,1.57,-0.36
1679518703594466,-9.7,1.57,-0.35
1679518703695466,-9.72,1.54,-0.33
1679518703796466,-9.71,1.57,-0.35
1679518703897466,-9.71,1.54,-0.31
1679518703998466,-9.7,1.51,-0.29
1679518704098466,-9.68,1.51,-0.32
1679518704199466,-9.71,1.55,-0.35
1679518704302465,-9.69,1.57,-0.36
1679518704402464,-9.76,1.58,-0.38
1679518704503465,-9.72,1.59,-0.38
1679518704603464,-9.73,1.56,-0.38
1679518704704465,-9.72,1.55,-0.35
1679518704805465,-9.69,1.56,-0.32
1679518704906465,-9.71,1.53,-0.35
1679518705007465,-9.72,1.55,-0.31
1679518705108465,-9.68,1.54,-0.33
1679518705208465,-9.68,1.51,-0.34
1679518705308465,-9.69,1.56,-0.29
1679518705409465,-9.68,1.5,-0.26
1679518705511465,-9.69,1.57,-0.35
1679518705612465,-9.72,1.56,-0.36
1679518705713465,-9.69,1.57,-0.34
1679518705814465,-9.68,1.59,-0.3
1679518705915465,-9.7,1.54,-0.34
1679518706015465,-9.69,1.56,-0.32
1679518706116465,-9.68,1.57,-0.31
1679518706216465,-9.69,1.55,-0.31
1679518706317465,-9.71,1.56,-0.31
1679518706418465,-9.69,1.54,-0.37
1679518706519465,-9.69,1.56,-0.33
1679518706621465,-9.72,1.58,-0.38
1679518706721465,-9.71,1.6,-0.4
1679518706822465,-9.73,1.58,-0.34
1679518706923465,-9.72,1.56,-0.32
1679518707023465,-9.68,1.57,-0.29
1679518707123465,-9.68,1.55,-0.33
1679518707224465,-9.71,1.54,-0.3
1679518707325465,-9.7,1.55,-0.32
1679518707426465,-9.71,1.6,-0.36
1679518707526465,-9.7,1.58,-0.42
1679518707627465,-9.7,1.56,-0.33
1679518707726465,-9.71,1.56,-0.3
1679518707827465,-9.71,1.54,-0.31
1679518707927465,-9.7,1.57,-0.35
1679518708027464,-9.7,1.56,-0.38
1679518708128465,-9.72,1.58,-0.4
1679518708228464,-9.72,1.59,-0.31
1679518708329465,-9.73,1.56,-0.37
1679518708431465,-9.71,1.56,-0.36
1679518708532465,-9.7,1.55,-0.32
1679518708633465,-9.69,1.55,-0.29
1679518708734465,-9.69,1.57,-0.28
1679518708834465,-9.69,1.57,-0.31
1679518708935465,-9.7,1.59,-0.31
1679518709036465,-9.7,1.55,-0.33
1679518709137465,-9.71,1.56,-0.34
1679518709237465,-9.72,1.57,-0.34
1679518709338465,-9.72,1.57,-0.35
1679518709438465,-9.7,1.6,-0.34
1679518709539465,-9.71,1.57,-0.35
1679518709640465,-9.69,1.55,-0.4
1679518709741465,-9.73,1.59,-0.35
1679518709842465,-9.7,1.58,-0.31
1679518709942465,-9.72,1.58,-0.32
1679518710043465,-9.73,1.58,-0.37
1679518710144465,-9.71,1.56,-0.32
1679518710245465,-9.7,1.51,-0.25
1679518710346465,-9.68,1.57,-0.29
1679518710446465,-9.7,1.55,-0.32
1679518710547465,-9.69,1.52,-0.35
1679518710648465,-9.71,1.57,-0.32
1679518710748465,-9.69,1.55,-0.32
1679518710850465,-9.68,1.55,-0.31
1679518710950465,-9.72,1.54,-0.28
1679518711051465,-9.7,1.53,-0.29
1679518711152465,-9.69,1.55,-0.31
1679518711253465,-9.69,1.57,-0.36
1679518711353465,-9.73,1.53,-0.39
1679518711454465,-9.71,1.58,-0.36
1679518711555465,-9.69,1.55,-0.3
1679518711656465,-9.71,1.53,-0.34
1679518711757465,-9.7,1.53,-0.36
1679518711858465,-9.68,1.58,-0.29
1679518711960465,-9.68,1.59,-0.27
1679518712060465,-9.74,1.53,-0.32
1679518712161465,-9.71,1.57,-0.34
1679518712262465,-9.7,1.55,-0.32
1679518712363465,-9.73,1.49,-0.39
1679518712463465,-9.71,1.6,-0.43
1679518712564465,-9.7,1.54,-0.37
1679518712665465,-9.69,1.54,-0.34
1679518712766465,-9.71,1.56,-0.33
1679518712867465,-9.68,1.55,-0.35
1679518712968465,-9.73,1.51,-0.38
1679518713070465,-9.73,1.55,-0.38
1679518713171465,-9.72,1.56,-0.36
1679518713271465,-9.68,1.57,-0.36
1679518713371465,-9.69,1.5,-0.31
1679518713472465,-9.72,1.59,-0.35
1679518713573465,-9.7,1.54,-0.31
1679518713674466,-9.7,1.55,-0.3
1679518713775466,-9.71,1.56,-0.35
1679518713876466,-9.72,1.5,-0.29
1679518713976466,-9.71,1.53,-0.32
1679518714076465,-9.72,1.61,-0.35
1679518714177466,-9.68,1.56,-0.36
1679518714278465,-9.69,1.58,-0.37
1679518714379465,-9.73,1.6,-0.38
1679518714480465,-9.69,1.56,-0.38
1679518714581465,-9.71,1.56,-0.39
1679518714682465,-9.7,1.6,-0.36
1679518714783465,-9.74,1.53,-0.34
1679518714884465,-9.7,1.23,-0.35
1679518714985465,-9.68,1.55,-0.3
1679518715085465,-9.73,1.56,-0.37
1679518715186465,-9.7,1.62,-0.36
1679518715286465,-9.72,1.55,-0.34
1679518715386465,-9.71,1.58,-0.35
1679518715487465,-9.7,1.56,-0.35
1679518715587465,-9.7,1.53,-0.36
1679518715687465,-9.67,1.56,-0.35
1679518715787465,-9.72,1.51,-0.32
1679518715887465,-9.71,1.52,-0.34
1679518715988465,-9.71,1.6,-0.32
1679518716089465,-9.71,1.6,-0.35
1679518716189465,-9.68,1.6,-0.36
1679518716290465,-9.73,1.59,-0.37
1679518716391465,-9.71,1.56,-0.41
1679518716492465,-9.7,1.59,-0.39
1679518716593465,-9.72,1.58,-0.37
1679518716694465,-9.73,1.58,-0.39
1679518716795465,-9.71,1.55,-0.4
1679518716896465,-9.71,1.55,-0.35
1679518716996465,-9.71,1.51,-0.32
1679518717096465,-9.73,1.53,-0.35
1679518717197465,-9.72,1.59,-0.33
1679518717299465,-9.7,1.52,-0.35
1679518717400465,-9.72,1.5,-0.31
1679518717500465,-9.72,1.55,-0.33
1679518717601465,-9.71,1.6,-0.38
1679518717701465,-9.75,1.53,-0.35
1679518717802465,-9.7,1.59,-0.32
1679518717903465,-9.68,1.57,-0.3
1679518718003465,-9.7,1.58,-0.38
1679518718104465,-9.7,1.59,-0.36
1679518718205465,-9.71,1.61,-0.37
1679518718305465,-9.72,1.55,-0.37
1679518718406465,-9.74,1.55,-0.37
1679518718506465,-9.69,1.57,-0.33
1679518718607465,-9.69,1.6,-0.32
1679518718706465,-9.69,1.53,-0.3
1679518718807465,-9.71,1.58,-0.33
1679518718909465,-9.7,1.57,-0.34
1679518719010465,-9.7,1.57,-0.37
1679518719111465,-9.7,1.56,-0.32
1679518719211465,-9.71,1.55,-0.38
1679518719311465,-9.71,1.56,-0.37
1679518719412465,-9.68,1.57,-0.32
1679518719512465,-9.74,1.55,-0.38
1679518719612465,-9.72,1.53,-0.36
1679518719712464,-9.68,1.59,-0.3
1679518719813465,-9.7,1.53,-0.35
1679518719914465,-9.7,1.56,-0.37
1679518720015465,-9.7,1.54,-0.36
1679518720115465,-9.71,1.58,-0.34
1679518720216465,-9.69,1.58,-0.38
1679518720317465,-9.72,1.58,-0.41
1679518720419465,-9.69,1.59,-0.35
1679518720520465,-9.7,1.57,-0.34
1679518720620465,-9.71,1.57,-0.38
1679518720721465,-9.7,1.56,-0.36
1679518720822465,-9.71,1.54,-0.34
1679518720922465,-9.68,1.52,-0.36
1679518721023465,-9.71,1.58,-0.36
1679518721123465,-9.72,1.55,-0.41
1679518721223465,-9.69,1.51,-0.3
1679518721324465,-9.73,1.51,-0.37
1679518721425465,-9.7,1.5,-0.35
1679518721526465,-9.69,1.53,-0.35
1679518721628465,-9.71,1.56,-0.4
1679518721729465,-9.72,1.58,-0.4
1679518721830465,-9.71,1.58,-0.35
1679518721930465,-9.71,1.59,-0.39
1679518722031465,-9.76,1.56,-0.41
1679518722132465,-9.71,1.55,-0.32
1679518722233465,-9.71,1.56,-0.38
1679518722334465,-9.73,1.5,-0.37
1679518722435465,-9.73,1.52,-0.34
1679518722536465,-9.73,1.55,-0.34
1679518722638465,-9.71,1.51,-0.38
1679518722739465,-9.71,1.53,-0.37
1679518722840465,-9.7,1.58,-0.33
1679518722941465,-9.7,1.55,-0.38
1679518723041465,-9.7,1.58,-0.3
1679518723141465,-9.7,1.55,-0.33
1679518723242465,-9.73,1.52,-0.4
1679518723343465,-9.7,1.53,-0.34
1679518723443465,-9.69,1.51,-0.37
1679518723544465,-9.74,1.55,-0.43
1679518723645465,-9.68,1.53,-0.37
1679518723746466,-9.68,1.54,-0.37
1679518723846465,-9.71,1.51,-0.37
1679518723947466,-9.7,1.57,-0.35
1679518724048466,-9.7,1.55,-0.36
1679518724149466,-9.7,1.53,-0.36
1679518724248465,-9.7,1.54,-0.35
1679518724348465,-9.7,1.53,-0.33
1679518724449465,-9.7,1.55,-0.37
1679518724550465,-9.72,1.53,-0.33
1679518724651465,-9.69,1.55,-0.38
1679518724752465,-9.72,1.56,-0.4
1679518724853465,-9.7,1.54,-0.37
1679518724954465,-9.69,1.51,-0.31
1679518725055465,-9.72,1.52,-0.33
1679518725156465,-9.71,1.57,-0.41
1679518725258465,-9.71,1.56,-0.42
1679518725359465,-9.71,1.54,-0.36
1679518725460465,-9.71,1.57,-0.37
1679518725561465,-9.69,1.53,-0.35
1679518725661465,-9.71,1.55,-0.37
1679518725762465,-9.71,1.56,-0.37
1679518725863465,-9.71,1.58,-0.35
1679518725963465,-9.72,1.54,-0.37
1679518726064465,-9.71,1.53,-0.38
1679518726165465,-9.7,1.6,-0.38
1679518726265465,-9.72,1.56,-0.38
1679518726366465,-9.72,1.56,-0.36
1679518726467466,-9.74,1.53,-0.39
1679518726568466,-9.7,1.55,-0.35
1679518726669466,-9.7,1.56,-0.35
1679518726769466,-9.72,1.55,-0.41
1679518726870466,-9.71,1.52,-0.4
1679518726971466,-9.7,1.52,-0.35
1679518727071466,-9.71,1.55,-0.39
1679518727171465,-9.7,1.53,-0.36
1679518727272466,-9.7,1.56,-0.31
1679518727373466,-9.71,1.57,-0.36
1679518727473466,-9.73,1.55,-0.38
1679518727574465,-9.7,1.56,-0.38
1679518727675465,-9.68,1.57,-0.37
1679518727775465,-9.71,1.54,-0.4
1679518727877465,-9.69,1.54,-0.35
1679518727977465,-9.71,1.58,-0.33
1679518728078465,-9.72,1.57,-0.34
1679518728179465,-9.72,1.54,-0.35
1679518728280465,-9.67,1.55,-0.34
1679518728381465,-9.69,1.58,-0.36
1679518728481465,-9.7,1.54,-0.36
1679518728581465,-9.72,1.54,-0.39
1679518728682465,-9.72,1.57,-0.34
1679518728783465,-9.7,1.53,-0.35
1679518728884465,-9.68,1.57,-0.36
1679518728985465,-9.72,1.56,-0.34
1679518729087465,-9.7,1.55,-0.39
1679518729187465,-9.68,1.52,-0.33
1679518729288465,-9.71,1.55,-0.36
1679518729389465,-9.71,1.52,-0.32
1679518729490465,-9.69,1.53,-0.3
1679518729591465,-9.68,1.53,-0.31
1679518729692465,-9.7,1.55,-0.32
1679518729793465,-9.7,1.57,-0.4
1679518729893465,-9.7,1.56,-0.38
1679518729994465,-9.71,1.58,-0.42
1679518730095465,-9.72,1.52,-0.36
1679518730197465,-9.7,1.58,-0.37
1679518730297465,-9.73,1.54,-0.37
1679518730398465,-9.72,1.52,-0.3
1679518730498465,-9.7,1.51,-0.34
1679518730599465,-9.69,1.52,-0.32
1679518730699465,-9.7,1.53,-0.31
1679518730799465,-9.73,1.53,-0.39
1679518730900465,-9.74,1.58,-0.41
1679518731001465,-9.71,1.59,-0.36
1679518731102465,-9.73,1.55,-0.34
1679518731203465,-9.71,1.53,-0.34
1679518731303465,-9.69,1.55,-0.33
1679518731404465,-9.73,1.53,-0.38
1679518731505465,-9.7,1.54,-0.34
1679518731605465,-9.72,1.55,-0.35
1679518731705465,-9.73,1.53,-0.41
1679518731807465,-9.73,1.58,-0.31
1679518731907465,-9.73,1.61,-0.34
1679518732008465,-9.74,1.56,-0.41
1679518732109465,-9.64,1.8,-0.34
1679518732209465,-9.7,1.68,-0.38
1679518732310465,-9.77,1.47,-0.48
1679518732411465,-9.74,1.47,-0.4
1679518732512465,-9.94,1.35,-0.44
1679518732612465,-9.58,1.47,-0.47
1679518732713465,-9.66,0.97,-0.58
1679518732814465,-10.13,-0.22,-0.58
1679518732915465,-9.42,2.38,-0.09
1679518733017465,-9.61,1.18,-0.35
1679518733118465,-10.32,0.96,-0.89
1679518733219465,-10.07,-0.66,-0.38
1679518733320465,-9.81,0.2,-0.08
1679518733420465,-9.76,-0.63,-0.05
1679518733521465,-9.8,-0.51,-0.02
1679518733622465,-9.83,-0.31,-0.09
1679518733722465,-9.92,-0.41,-0.37
1679518733823465,-9.88,0.0,-0.26
1679518733924465,-9.8,0.51,0.04
1679518734026465,-9.66,1.25,0.04
1679518734127465,-9.81,0.42,0.63
1679518734228465,-10.0,0.41,-0.17
1679518734329465,-9.74,0.98,0.39
1679518734430465,-9.94,1.0,0.15
1679518734531465,-9.82,1.32,0.24
1679518734632465,-9.92,0.42,0.18
1679518734733465,-9.77,0.76,0.5
1679518734834465,-9.83,1.01,0.41
1679518734934465,-9.62,1.17,0.85
1679518735034465,-9.72,1.16,0.72
1679518735135465,-9.82,0.87,0.56
1679518735237465,-9.82,0.77,0.48
1679518735338465,-9.94,0.21,0.26
1679518735438465,-9.87,0.56,0.13
1679518735539465,-9.89,1.02,0.08
1679518735640465,-9.71,0.67,0.11
1679518735741465,-9.86,0.51,0.27
1679518735842465,-9.84,0.29,0.18
1679518735943465,-9.84,0.31,0.08
1679518736044465,-9.83,0.42,0.03
1679518736144465,-9.86,0.22,0.0
1679518736245465,-9.87,-0.1,-0.08
1679518736346465,-9.91,0.08,-0.07
1679518736447466,-9.86,0.02,0.01
1679518736548466,-9.91,-0.1,-0.03
1679518736648465,-9.85,-0.1,0.01
1679518736748465,-9.84,0.05,0.0
1679518736848465,-9.81,0.02,0.01
1679518736949465,-9.84,0.11,0.06
1679518737050465,-9.82,0.12,-0.01
1679518737151466,-9.83,0.1,-0.06
1679518737252466,-9.82,0.22,-0.07
1679518737353466,-9.92,0.09,-0.02
1679518737453466,-9.76,0.31,0.01
1679518737554465,-9.84,0.39,0.0
1679518737656465,-9.8,0.34,-0.04
1679518737757465,-9.82,0.28,0.02
1679518737857465,-9.8,0.2,0.0
1679518737957465,-9.86,0.21,0.01
1679518738058465,-9.88,0.12,-0.01
1679518738159465,-9.84,0.19,0.0
1679518738260465,-9.81,0.15,0.01
1679518738361465,-9.84,0.24,-0.02
1679518738462465,-9.83,0.26,0.02
1679518738563465,-9.82,0.19,-0.01
1679518738664465,-9.82,0.24,0.0
1679518738765465,-9.83,0.38,0.01
1679518738865465,-9.88,0.23,-0.02
1679518738966465,-9.83,0.28,0.03
1679518739067465,-9.84,0.22,-0.01
1679518739168465,-9.83,0.39,0.01
1679518739269465,-9.85,0.36,-0.03
1679518739369465,-9.83,0.31,-0.03
1679518739470465,-9.84,0.31,0.02
1679518739571465,-9.83,0.36,0.02
1679518739672465,-9.82,0.36,0.02
1679518739773465,-9.83,0.29,-0.03
1679518739873465,-9.82,0.39,0.01
1679518739973465,-9.84,0.42,0.05
1679518740074465,-9.83,0.43,0.06
1679518740175465,-9.85,0.32,0.05
1679518740275465,-9.84,0.37,0.05
1679518740376465,-9.83,0.4,0.06
1679518740477465,-9.85,0.39,0.07
1679518740578466,-9.82,0.35,0.03
1679518740679466,-9.82,0.41,0.0
1679518740780466,-9.86,0.38,0.01
1679518740881465,-9.81,0.41,0.08
1679518740981464,-9.83,0.37,-0.02
1679518741081464,-9.81,0.45,0.03
1679518741182464,-9.85,0.34,0.0
1679518741283465,-9.84,0.35,-0.05
1679518741385465,-9.84,0.37,-0.02
1679518741485464,-9.82,0.41,-0.01
1679518741585464,-9.85,0.41,-0.01
1679518741686464,-9.84,0.39,-0.01
1679518741787464,-9.82,0.36,0.02
1679518741888465,-9.79,0.47,0.02
1679518741989465,-9.83,0.41,0.05
1679518742090465,-9.85,0.32,0.05
1679518742190465,-9.82,0.46,0.01
1679518742290465,-9.82,0.5,0.0
1679518742391465,-9.87,0.29,0.0
1679518742491464,-9.84,0.36,0.04
1679518742592465,-9.84,0.39,0.02
1679518742693465,-9.84,0.41,0.02
1679518742795465,-9.89,0.29,-0.3
1679518742896465,-9.83,0.4,0.02
1679518742997465,-9.85,0.34,0.0
1679518743097465,-9.84,0.36,-0.02
1679518743197465,-9.83,0.33,-0.01
1679518743298465,-9.86,0.29,0.0
1679518743398465,-9.82,0.29,0.0
1679518743498464,-9.83,0.3,-0.02
1679518743599465,-9.83,0.32,0.02
1679518743700465,-9.85,0.31,0.03
1679518743801465,-9.81,0.37,0.02
1679518743902465,-9.81,0.39,0.06
1679518744002465,-9.84,0.33,0.01
1679518744103465,-9.84,0.29,0.0
1679518744205465,-9.83,0.36,0.01
1679518744305465,-9.84,0.42,0.01
1679518744406465,-9.82,0.32,0.03
1679518744507465,-9.84,0.32,-0.01
1679518744608465,-9.87,0.32,0.0
1679518744709465,-9.84,0.33,0.0
1679518744810465,-9.85,0.36,0.0
1679518744910465,-9.84,0.38,-0.02
1679518745010465,-9.84,0.36,-0.03
1679518745111465,-9.86,0.4,-0.01
1679518745212465,-9.83,0.4,-0.02
1679518745313465,-9.85,0.4,0.0
1679518745415465,-9.82,0.44,0.0
1679518745516465,-9.84,0.4,0.0
1679518745617465,-9.84,0.39,0.0
1679518745718465,-9.85,0.36,-0.04
1679518745819465,-9.78,0.51,0.0
1679518745919465,-9.8,0.43,0.01
1679518746020465,-9.84,0.38,0.0
1679518746121465,-9.86,0.4,-0.04
1679518746222465,-9.83,0.38,0.02
1679518746322465,-9.82,0.38,0.0
1679518746424465,-9.83,0.34,0.0
1679518746525465,-9.81,0.4,0.0
1679518746626465,-9.82,0.44,0.04
1679518746727465,-9.82,0.4,0.04
1679518746827465,-9.83,0.4,0.0
1679518746928465,-9.82,0.33,0.02
1679518747029466,-9.85,0.28,0.03
1679518747129465,-9.87,0.09,-0.03
1679518747230466,-9.83,0.26,0.01
1679518747331466,-9.86,0.25,-0.03
1679518747432466,-9.82,0.27,0.0
1679518747533465,-9.86,0.29,-0.02
1679518747634465,-9.81,0.29,0.0
1679518747735465,-9.82,0.28,0.0
1679518747836465,-9.87,0.27,-0.02
1679518747937465,-9.84,0.24,0.0
1679518748038465,-9.86,0.24,-0.04
1679518748139465,-9.83,0.37,0.0
1679518748240465,-9.87,0.28,-0.04
1679518748341465,-9.86,0.27,-0.03
1679518748442465,-9.85,0.35,0.0
1679518748544465,-9.81,0.41,0.02
1679518748645465,-9.82,0.41,-0.03
1679518748746466,-9.82,0.35,0.0
1679518748847466,-9.83,0.41,0.01
1679518748948466,-9.83,0.33,0.0
1679518749048466,-9.85,0.37,0.0
1679518749149466,-9.83,0.36,0.03
1679518749249466,-9.85,0.32,0.01
1679518749350466,-9.87,0.36,0.06
1679518749450466,-9.83,0.36,0.05
1679518749550465,-9.83,0.38,0.08
1679518749651466,-9.83,0.41,0.09
1679518749751465,-9.82,0.41,0.09
1679518749852465,-9.86,0.4,0.03
1679518749954465,-9.83,0.36,0.04
1679518750055466,-9.83,0.37,0.04
1679518750156466,-9.84,0.36,0.04
1679518750257466,-9.83,0.36,0.06
1679518750358466,-9.83,0.4,0.09
1679518750459466,-9.85,0.36,0.0
1679518750559466,-9.84,0.29,0.01
1679518750660466,-9.82,0.45,0.05
1679518750761466,-9.82,0.35,0.0
1679518750861465,-9.81,0.39,0.05
1679518750962465,-9.86,0.3,0.02
1679518751064465,-9.85,0.28,0.03
1679518751165465,-9.82,0.3,0.03
1679518751266465,-9.83,0.37,0.03
1679518751366465,-9.82,0.39,0.02
1679518751467465,-9.83,0.33,0.0
1679518751567465,-9.83,0.34,0.05
1679518751668465,-9.83,0.39,0.09
1679518751769465,-9.85,0.43,0.02
1679518751869465,-9.82,0.42,0.06
1679518751970465,-9.83,0.4,0.01
1679518752071465,-9.82,0.37,0.04
1679518752171465,-9.85,0.3,0.05
1679518752272465,-9.84,0.3,0.07
1679518752373465,-9.83,0.3,0.04
1679518752474465,-9.84,0.28,0.07
1679518752575465,-9.82,0.33,0.02
1679518752676465,-9.85,0.32,0.01
1679518752777465,-9.84,0.4,-0.02
1679518752877465,-9.82,0.34,0.0
1679518752978465,-9.85,0.34,-0.01
1679518753079465,-9.84,0.36,-0.02
1679518753180465,-9.84,0.32,-0.03
1679518753280465,-9.85,0.39,0.0
1679518753381465,-9.85,0.36,0.0
1679518753481465,-9.85,0.36,0.0
1679518753581465,-9.86,0.36,-0.03
1679518753683465,-9.84,0.37,0.0
1679518753784465,-9.85,0.33,0.01
1679518753885465,-9.83,0.38,0.01
1679518753985465,-9.85,0.39,0.02
1679518754086465,-9.86,0.36,0.0
1679518754187465,-9.83,0.38,0.03
1679518754288465,-9.81,0.4,0.03
1679518754389465,-9.83,0.42,0.04
1679518754490465,-9.82,0.39,0.04
1679518754591465,-9.83,0.39,0.07
1679518754691465,-9.82,0.41,0.05
1679518754791465,-9.82,0.34,0.05
1679518754892465,-9.85,0.28,0.05
1679518754994465,-9.85,0.32,0.06
1679518755095465,-9.83,0.33,0.04
1679518755196465,-9.89,0.26,0.04
1679518755297465,-9.83,0.27,0.06
1679518755398465,-9.86,0.21,0.04
1679518755498465,-9.84,0.24,0.12
1679518755598465,-9.85,0.24,0.08
1679518755699465,-9.85,0.23,0.08
1679518755800465,-9.87,0.26,0.05
1679518755900465,-9.85,0.24,0.06
1679518756000465,-9.85,0.22,0.05
1679518756101465,-9.84,0.24,0.02
1679518756202465,-9.85,0.3,0.0
1679518756303465,-9.84,0.29,0.04
1679518756404465,-9.83,0.32,0.0
1679518756504465,-9.87,0.39,0.07
1679518756605465,-9.82,0.4,0.06
1679518756706465,-9.84,0.35,0.05
1679518756807465,-9.84,0.43,0.04
1679518756908465,-9.83,0.47,0.07
1679518757009465,-9.83,0.42,0.08
1679518757109465,-9.84,0.49,0.1
1679518757210465,-9.82,0.51,0.12
1679518757310465,-9.84,0.51,0.08
1679518757411465,-9.82,0.4,0.11
1679518757513465,-9.85,0.35,0.14
1679518757614465,-9.85,0.38,0.12
1679518757714465,-9.82,0.36,0.13
1679518757815465,-9.84,0.41,0.13
1679518757915465,-9.84,0.44,0.14
1679518758015465,-9.84,0.41,0.13
1679518758116465,-9.85,0.36,0.19
1679518758217465,-9.82,0.5,0.12
1679518758318465,-9.83,0.49,0.12
1679518758419465,-9.83,0.44,0.12
1679518758519465,-9.82,0.49,0.17
1679518758620465,-9.84,0.46,0.08
1679518758721465,-9.81,0.49,0.09
1679518758821465,-9.85,0.45,0.06
1679518758923465,-9.84,0.44,0.1
1679518759023465,-9.82,0.48,0.03
1679518759123465,-9.85,0.46,0.04
1679518759224465,-9.83,0.46,0.09
1679518759325465,-9.84,0.44,0.04
1679518759426465,-9.84,0.42,0.04
1679518759526465,-9.84,0.41,0.09
1679518759626465,-9.81,0.47,0.01
1679518759727465,-9.83,0.42,0.06
1679518759827465,-9.85,0.41,0.07
1679518759928465,-9.84,0.41,0.0
1679518760029465,-9.84,0.37,0.0
1679518760130465,-9.84,0.35,0.05
1679518760231465,-9.83,0.42,0.02
1679518760331465,-9.85,0.45,0.05
1679518760433465,-9.82,0.41,0.05
1679518760533465,-9.86,0.41,0.09
1679518760634465,-9.83,0.43,0.07
1679518760735465,-9.83,0.47,0.03
1679518760836465,-9.84,0.41,0.06
1679518760937465,-9.84,0.37,0.04
1679518761038465,-9.84,0.46,0.04
1679518761139465,-9.86,0.41,0.04
1679518761239465,-9.82,0.49,0.05
1679518761340465,-9.83,0.44,0.05
1679518761441465,-9.86,0.49,0.05
1679518761541465,-9.83,0.49,0.05
1679518761641465,-9.82,0.51,0.13
1679518761741465,-9.83,0.55,0.04
1679518761843465,-9.85,0.48,0.07
1679518761943465,-9.83,0.55,0.12
1679518762044465,-9.83,0.6,0.15
1679518762145465,-9.79,0.65,0.16
1679518762245465,-9.82,0.66,0.15
1679518762346465,-9.84,0.63,0.12
1679518762446465,-9.8,0.64,0.2
1679518762546465,-9.81,0.62,0.11
1679518762647465,-9.83,0.65,0.08
1679518762748465,-9.84,0.64,0.11
1679518762849465,-9.82,0.64,0.13
1679518762950465,-9.83,0.59,0.15
1679518763052465,-9.8,0.66,0.22
1679518763153465,-9.83,0.68,0.14
1679518763254465,-9.79,0.63,0.22
1679518763354465,-9.82,0.69,0.18
1679518763455465,-9.83,0.74,0.21
1679518763556465,-9.83,0.69,0.19
1679518763657465,-9.82,0.62,0.21
1679518763758465,-9.86,0.6,0.22
1679518763858465,-9.83,0.77,0.2
1679518763959465,-9.79,0.74,0.26
1679518764060465,-9.77,0.72,0.23
1679518764161465,-9.85,0.75,0.24
1679518764263465,-9.79,0.81,0.24
1679518764363465,-9.8,0.76,0.24
1679518764463465,-9.83,0.68,0.26
1679518764564465,-9.83,0.69,0.31
1679518764665465,-9.83,0.69,0.24
1679518764765465,-9.83,0.65,0.24
1679518764866465,-9.84,0.58,0.21
1679518764967465,-9.82,0.63,0.2
1679518765067465,-9.84,0.63,0.11
1679518765168465,-9.81,0.64,0.18
1679518765269465,-9.82,0.7,0.09
1679518765370465,-9.8,0.65,0.08
1679518765470465,-9.83,0.53,0.03
1679518765570465,-9.82,0.57,0.08
1679518765672465,-9.83,0.55,0.06
1679518765772465,-9.83,0.54,0.05
1679518765873465,-9.79,0.49,0.09
1679518765974465,-9.82,0.43,0.13
1679518766075465,-9.83,0.64,0.09
1679518766175465,-9.82,0.49,0.01
1679518766276465,-9.82,0.46,0.01
1679518766377465,-9.81,0.52,0.02
1679518766477465,-9.85,0.5,0.02
1679518766578465,-9.8,0.6,0.05
1679518766679465,-9.86,0.48,0.08
1679518766779465,-9.84,0.5,0.08
1679518766880465,-9.83,0.47,-0.04
1679518766982465,-9.83,0.46,0.0
1679518767082465,-9.84,0.44,-0.01
1679518767183465,-9.83,0.41,0.02
1679518767284465,-9.82,0.32,0.0
1679518767385465,-9.85,0.35,0.0
1679518767486465,-9.84,0.4,-0.03
1679518767587465,-9.8,0.36,-0.01
1679518767688465,-9.87,0.34,-0.06
1679518767789465,-9.83,0.3,-0.06
1679518767890465,-9.85,0.28,-0.12
1679518767990465,-9.84,0.36,-0.12
1679518768092465,-9.81,0.35,-0.12
1679518768192465,-9.84,0.37,-0.04
1679518768293465,-9.81,0.38,-0.08
1679518768394465,-9.82,0.4,-0.06
1679518768494465,-9.84,0.32,-0.14
1679518768594465,-9.84,0.4,-0.06
1679518768695465,-9.82,0.34,-0.09
1679518768796465,-9.86,0.35,-0.03
1679518768897465,-9.83,0.32,-0.08
1679518768998465,-9.83,0.34,-0.06
1679518769098465,-9.87,0.36,-0.13
1679518769198465,-9.84,0.27,-0.14
1679518769299465,-9.82,0.4,-0.11
1679518769400465,-9.83,0.39,-0.07
1679518769502465,-9.85,0.33,-0.13
1679518769602465,-9.81,0.45,-0.06
1679518769703465,-9.81,0.46,-0.06
1679518769804465,-9.84,0.41,-0.09
1679518769905465,-9.84,0.36,-0.1
1679518770006465,-9.82,0.42,-0.03
1679518770107465,-9.82,0.44,-0.03
1679518770206465,-9.85,0.41,-0.1
1679518770307465,-9.83,0.38,-0.09
1679518770408465,-9.83,0.4,-0.1
1679518770508465,-9.82,0.38,-0.09
1679518770609465,-9.83,0.39,-0.09
1679518770709465,-9.83,0.43,-0.11
1679518770809465,-9.85,0.42,-0.11
1679518770910465,-9.85,0.39,-0.12
1679518771011465,-9.82,0.48,-0.04
1679518771112465,-9.82,0.49,-0.1
1679518771213465,-9.84,0.43,-0.07
1679518771314465,-9.83,0.45,-0.08
1679518771415465,-9.82,0.51,-0.06
1679518771515465,-9.85,0.45,-0.05
1679518771616465,-9.85,0.47,-0.1
1679518771717465,-9.84,0.49,-0.08
1679518771818465,-9.82,0.54,-0.05
1679518771919465,-9.82,0.49,-0.1
1679518772021465,-9.83,0.47,-0.07
1679518772122465,-9.83,0.45,-0.07
1679518772223465,-9.8,0.48,-0.04
1679518772324465,-9.83,0.53,-0.04
1679518772425465,-9.83,0.49,-0.05
1679518772526466,-9.82,0.48,-0.07
1679518772626465,-9.81,0.48,-0.07
1679518772727465,-9.81,0.48,-0.07
1679518772828466,-9.85,0.46,-0.07
1679518772929466,-9.84,0.45,-0.07
1679518773030466,-9.82,0.54,-0.05
1679518773131466,-9.84,0.5,-0.03
1679518773232466,-9.83,0.45,-0.01
1679518773332466,-9.82,0.5,-0.03
1679518773432466,-9.87,0.44,-0.02
1679518773533466,-9.84,0.49,-0.07
1679518773634466,-9.82,0.56,-0.02
1679518773735466,-9.82,0.57,-0.02
1679518773836466,-9.82,0.58,-0.07
1679518773936466,-9.82,0.59,-0.05
1679518774037466,-9.83,0.62,-0.05
1679518774137465,-9.82,0.58,0.0
1679518774238465,-9.84,0.58,-0.01
1679518774339465,-9.83,0.52,-0.05
1679518774439465,-9.85,0.53,-0.05
1679518774540465,-9.85,0.51,-0.06
1679518774641465,-9.83,0.59,-0.02
1679518774742465,-9.83,0.62,-0.02
1679518774843465,-9.83,0.61,-0.04
1679518774944465,-9.81,0.56,0.02
1679518775045465,-9.81,0.59,-0.03
1679518775146465,-9.82,0.59,0.0
1679518775246465,-9.83,0.54,0.0
1679518775347465,-9.82,0.52,-0.03
1679518775448465,-9.81,0.59,0.04
1679518775549465,-9.81,0.58,0.02
1679518775649465,-9.82,0.58,-0.01
1679518775750465,-9.82,0.6,0.0
1679518775851465,-9.85,0.54,0.03
1679518775952465,-9.8,0.6,0.0
1679518776053465,-9.82,0.54,0.03
1679518776154466,-9.81,0.63,0.06
1679518776254465,-9.82,0.63,0.01
1679518776355466,-9.83,0.58,-0.02
1679518776456466,-9.79,0.61,-0.03
1679518776556465,-9.82,0.6,-0.11
1679518776657466,-9.84,0.55,-0.11
1679518776758466,-9.8,0.67,-0.15
1679518776859466,-9.83,0.68,-0.27
1679518776961466,-9.82,0.67,-0.32
1679518777062466,-9.8,0.68,-0.38
1679518777162466,-9.8,0.54,-0.47
1679518777263466,-9.79,0.74,-0.49
1679518777364466,-9.79,0.69,-0.53
1679518777464465,-9.81,0.61,-0.51
1679518777565465,-9.83,0.64,-0.48
1679518777665465,-9.78,0.64,-0.47
1679518777766465,-9.82,0.66,-0.41
1679518777867465,-9.79,0.63,-0.41
1679518777968465,-9.82,0.69,-0.42
1679518778069465,-9.81,0.64,-0.42
1679518778169465,-9.84,0.74,-0.3
1679518778271465,-10.08,0.74,-0.26
1679518778372465,-9.84,0.7,-0.29
1679518778472465,-9.86,0.73,-0.23
1679518778573465,-9.8,0.84,-0.19
1679518778674465,-9.82,0.73,-0.22
1679518778774465,-9.83,0.8,-0.17
1679518778874465,-9.8,0.88,-0.13
1679518778975465,-9.79,0.79,-0.17
1679518779075465,-9.82,0.82,-0.11
1679518779176465,-9.83,0.73,-0.13
1679518779277465,-9.82,0.88,-0.08
1679518779378465,-9.79,0.85,-0.05
1679518779479465,-9.83,0.94,-0.02
1679518779581465,-9.76,1.0,-0.04
1679518779682465,-9.81,0.94,0.03
1679518779783465,-9.83,0.86,0.04
1679518779884465,-9.82,0.87,0.06
1679518779985465,-9.78,0.9,0.02
1679518780086465,-9.77,0.95,0.03
1679518780187466,-9.8,0.97,0.05
1679518780287465,-9.81,0.89,0.07
1679518780387465,-9.82,0.95,0.08
1679518780488465,-9.81,0.97,0.05
1679518780588465,-9.75,0.99,0.02
1679518780688465,-9.85,0.79,-0.09
1679518780789465,-9.81,0.81,-0.12
1679518780891465,-9.85,0.81,-0.17
1679518780992465,-9.85,0.87,-0.18
1679518781093465,-9.8,0.78,-0.18
1679518781194465,-9.8,0.78,-0.16
1679518781294465,-9.83,0.74,-0.18
1679518781395465,-9.81,0.77,-0.13
1679518781496465,-9.81,0.76,-0.15
1679518781596465,-9.81,0.78,-0.14
1679518781697465,-9.83,0.76,-0.12
1679518781798465,-9.81,0.79,-0.15
1679518781899465,-9.81,0.76,-0.09
1679518781998465,-9.81,0.81,-0.07
1679518782099465,-9.82,0.78,-0.08
1679518782201465,-9.83,0.8,-0.04
1679518782302465,-9.8,0.81,-0.05
1679518782403465,-9.8,0.82,-0.05
1679518782504465,-9.79,0.8,-0.08
1679518782604465,-9.8,0.77,0.0
1679518782705465,-9.84,0.77,-0.04
1679518782806465,-9.79,0.81,-0.01
1679518782906465,-9.82,0.8,0.0
1679518783007465,-9.81,0.8,0.02
1679518783107465,-9.84,0.78,-0.03
1679518783207465,-9.82,0.79,-0.06
1679518783307465,-9.82,0.83,-0.03
1679518783407465,-9.79,0.85,-0.05
1679518783508465,-9.81,0.85,-0.05
1679518783609465,-9.82,0.79,-0.07
1679518783711465,-9.79,0.78,-0.06
1679518783811465,-9.81,0.76,-0.08
1679518783912465,-9.8,0.79,-0.07
1679518784012465,-9.83,0.69,-0.11
1679518784113465,-9.73,0.76,-0.13
1679518784214465,-9.81,0.76,-0.14
1679518784315465,-9.79,0.81,-0.22
1679518784415465,-9.87,1.02,-0.33
1679518784516465,-10.56,1.3,-0.69
1679518784617465,-10.43,1.71,-0.04
1679518784718465,-8.15,0.96,-3.45
1679518784818465,-9.2,1.06,-2.48
1679518784920465,-10.51,-0.13,-0.33
1679518785021465,-9.69,0.09,1.87
1679518785122465,-11.72,11.36,-1.44
1679518785223465,-8.44,6.14,1.51
1679518785324465,-9.65,2.63,0.9
1679518785425465,-9.77,1.08,0.98
1679518785525465,-9.84,0.4,1.24
1679518785626465,-9.89,0.62,1.7
1679518785727465,-10.32,0.02,1.67
1679518785827465,-10.56,-1.18,1.53
1679518785928465,-12.06,-2.38,-0.47
1679518786029465,-12.22,1.97,1.05
1679518786130465,-4.58,3.98,-0.01
1679518786231465,-7.8,-3.41,-1.6
1679518786331465,-12.36,-2.2,0.0
1679518786432465,-13.72,-6.4,-0.12
1679518786533465,-10.25,-4.71,1.92
1679518786634466,-6.3,11.34,1.95
1679518786735466,-8.39,4.6,0.98
1679518786835466,-9.65,3.72,1.37
1679518786936466,-9.61,2.2,1.46
1679518787036466,-9.96,0.41,1.47
1679518787136465,-10.14,-0.27,1.36
1679518787237465,-11.17,-0.74,1.37
1679518787338466,-16.32,2.77,-3.63
1679518787439465,-7.89,10.53,0.69
1679518787540465,-5.28,-1.9,1.08
1679518787641465,-10.17,-3.48,1.68
1679518787742465,-16.73,-0.89,2.66
1679518787842465,-10.49,-12.17,1.13
1679518787943465,-19.64,14.94,-2.36
1679518788044465,-10.13,0.69,0.0
1679518788145465,-9.52,2.55,1.14
1679518788246465,-9.67,0.88,0.76
1679518788347465,-10.06,1.32,0.97
1679518788447465,-10.49,0.39,0.85
1679518788548465,-11.5,-1.37,0.75
1679518788650465,-17.35,2.41,-0.79
1679518788751465,-9.74,-6.35,-0.67
1679518788852465,-6.58,1.77,1.46
1679518788953465,-11.32,-6.05,-0.94
1679518789053465,-13.09,-2.71,0.01
1679518789154465,-10.43,-7.03,0.73
1679518789255465,-16.19,12.56,-1.99
1679518789355465,-10.06,2.85,-0.08
1679518789456465,-9.66,0.85,1.08
1679518789557465,-10.09,-0.61,0.64
1679518789658465,-10.4,1.16,1.18
1679518789760465,-9.68,0.26,1.76
1679518789861466,-10.71,-1.14,1.72
1679518789961465,-15.25,-0.18,-2.01
1679518790062466,-5.36,-0.28,7.44
1679518790163466,-5.83,1.07,-0.42
1679518790263466,-9.13,-3.72,1.99
1679518790364466,-13.53,1.17,1.43
1679518790465466,-12.97,-10.09,-0.36
1679518790566466,-12.94,0.76,-4.92
1679518790666466,-8.08,0.4,2.46
1679518790767465,-9.8,-0.06,0.93
1679518790868465,-9.49,1.95,1.25
1679518790970465,-9.54,1.09,1.39
1679518791070465,-10.31,1.2,1.73
1679518791171465,-11.18,-2.02,0.89
1679518791271465,-13.13,-0.13,-1.6
1679518791371465,-5.6,-1.24,4.75
1679518791472465,-4.94,2.08,0.37
1679518791573465,-8.79,-3.6,1.79
1679518791673465,-13.57,-1.14,1.22
1679518791774465,-12.25,-9.48,0.12
1679518791874465,-17.05,9.07,-3.31
1679518791974465,-11.8,4.79,1.57
1679518792075465,-10.34,0.28,0.96
1679518792176465,-9.74,-0.52,1.18
1679518792277465,-10.06,0.01,1.18
1679518792377465,-10.0,-0.15,1.11
1679518792478465,-11.1,-1.64,1.22
1679518792580465,-15.08,1.14,-2.71
1679518792681465,-14.33,-1.26,2.15
1679518792782465,-4.04,-1.13,1.36
1679518792882465,-9.17,-3.1,2.52
1679518792983465,-12.74,0.93,5.49
1679518793084465,-16.83,-10.09,0.87
1679518793184465,-17.37,6.54,-6.72
1679518793285465,-8.82,5.59,1.22
1679518793386465,-9.35,2.74,1.16
1679518793487465,-10.01,-0.76,1.36
1679518793588465,-9.34,1.83,2.23
1679518793690465,-10.5,-1.42,0.99
1679518793790465,-12.06,-0.48,1.39
1679518793891465,-17.95,5.3,-4.43
1679518793992465,-5.11,7.89,0.76
1679518794092465,-6.15,-2.38,1.14
1679518794193465,-11.49,-2.74,3.01
1679518794294465,-16.53,-4.12,2.34
1679518794395465,-11.4,-9.27,1.7
1679518794496465,-10.68,-10.41,1.21
1679518794596465,-10.55,1.77,-0.18
1679518794697465,-9.27,2.81,1.44
1679518794799465,-10.0,0.37,0.91
1679518794899465,-9.55,1.92,0.41
1679518794999465,-11.07,-1.66,0.37
1679518795100465,-16.67,3.06,-0.37
1679518795201465,-10.24,-9.36,4.32
1679518795302465,-5.37,-0.26,-0.29
1679518795403465,-10.93,-2.05,-0.4
1679518795503465,-16.39,-7.5,-0.78
1679518795604465,-13.25,-6.51,7.72
1679518795705465,-8.33,-12.27,2.98
1679518795806465,-9.61,0.39,1.1
1679518795907465,-9.67,0.24,1.08
1679518796009465,-10.24,0.5,1.17
1679518796110465,-10.39,1.02,1.74
1679518796210465,-11.6,-1.58,0.83
1679518796310465,-17.78,2.19,-2.17
1679518796411465,-10.42,-8.19,1.17
1679518796512465,-6.44,0.5,-0.59
1679518796612465,-10.8,-2.23,1.29
1679518796713465,-17.17,-1.5,4.64
1679518796813465,-11.33,-5.98,3.06
1679518796914465,-13.79,-21.53,3.41
1679518797014465,-8.64,2.03,1.7
1679518797115465,-9.74,-0.12,1.21
1679518797215465,-9.91,1.17,0.95
1679518797316465,-9.96,1.26,1.24
1679518797415465,-11.12,-0.95,0.95
1679518797516465,-13.43,0.64,-0.82
1679518797616465,-12.27,3.58,1.19
1679518797717465,-4.24,4.38,0.33
1679518797819465,-9.38,-2.95,1.44
1679518797920465,-13.7,1.72,2.48
1679518798020465,-14.31,-11.93,1.16
1679518798121465,-20.74,26.81,2.15
1679518798222465,-9.31,1.73,-0.2
1679518798322465,-9.96,0.36,1.1
1679518798423465,-9.53,0.79,2.08
1679518798524465,-9.93,0.76,1.91
1679518798624465,-10.51,-0.45,1.48
1679518798725465,-12.21,-0.52,0.75
1679518798826465,-21.23,7.26,-3.99
1679518798927465,-2.45,5.52,-0.68
1679518799029465,-8.14,-4.83,1.39
1679518799130465,-12.86,-1.11,4.1
1679518799231465,-15.44,-4.22,5.11
1679518799331465,-11.45,-13.64,1.26
1679518799431465,-9.83,-4.69,0.66
1679518799532465,-9.83,-2.29,1.2
1679518799633465,-10.04,1.17,1.0
1679518799734465,-10.14,0.99,0.85
1679518799835465,-10.27,-1.15,0.78
1679518799936465,-11.98,-0.5,1.15
1679518800036465,-20.83,7.79,-5.72
1679518800137465,-3.9,7.33,0.37
1679518800239465,-9.1,-5.6,-1.3
1679518800339465,-13.01,-3.98,0.55
1679518800440465,-16.86,-6.32,3.84
1679518800540465,-22.49,10.77,-10.08
1679518800640465,-8.89,4.02,0.44
1679518800741465,-10.02,0.68,1.5
1679518800842465,-9.59,0.56,1.25
1679518800943465,-10.35,1.13,1.57
1679518801044465,-10.71,-0.19,1.13
1679518801145465,-12.27,-0.74,0.88
1679518801246465,-18.71,4.8,-4.68
1679518801348465,-3.93,6.4,1.36
1679518801449465,-7.56,-2.37,2.13
1679518801550465,-13.99,-1.06,3.44
1679518801651465,-16.22,-11.22,0.36
1679518801751465,-12.04,-8.91,3.26
1679518801852465,-11.27,2.45,-1.38
1679518801953465,-8.52,1.73,1.31
1679518802053465,-9.93,1.83,0.95
1679518802153465,-10.15,1.15,0.75
1679518802254465,-10.18,0.68,1.02
1679518802355465,-11.06,-1.41,0.81
1679518802455465,-15.1,0.84,-1.99
1679518802556465,-3.12,-6.92,7.84
1679518802658465,-4.68,2.65,1.37
1679518802759465,-10.55,-2.14,1.54
1679518802860465,-15.69,-4.7,-0.5
1679518802960465,-12.13,-7.7,4.14
1679518803061465,-9.51,-1.3,4.18
1679518803162465,-10.33,-1.23,-0.06
1679518803262465,-9.39,1.89,1.43
1679518803363465,-9.77,2.17,0.96
1679518803464465,-10.19,1.55,1.62
1679518803565466,-10.78,-1.12,1.33
1679518803665465,-11.11,-2.37,0.3
1679518803766466,-18.27,7.59,-4.11
1679518803868466,-4.56,9.93,1.84
1679518803969466,-8.27,-3.59,0.48
1679518804070465,-12.89,-2.65,1.06
1679518804170465,-15.58,-6.67,3.04
1679518804271465,-15.35,-6.84,4.24
1679518804372465,-11.89,-3.16,0.87
1679518804472465,-9.4,-1.07,1.26
1679518804573465,-10.13,1.47,0.72
1679518804674465,-9.95,1.02,1.05
1679518804775465,-9.84,0.47,1.49
1679518804876465,-12.32,-1.33,0.73
1679518804978465,-20.04,4.24,-4.48
1679518805079465,-7.25,5.19,0.98
1679518805180465,-7.72,-2.69,0.79
1679518805281465,-11.8,-1.98,1.9
1679518805382465,-16.71,-5.71,3.18
1679518805483465,-13.63,-7.38,4.65
1679518805583465,-10.18,0.09,1.0
1679518805684465,-9.36,-0.32,1.79
1679518805785465,-9.98,1.53,1.2
1679518805885465,-10.45,1.61,1.38
1679518805986465,-10.45,0.03,1.14
1679518806087465,-12.02,-1.1,0.84
1679518806188465,-19.9,7.26,-4.32
1679518806289466,-4.48,9.24,0.95
1679518806389465,-8.04,-4.57,-0.49
1679518806490466,-12.71,-2.64,0.87
1679518806591466,-15.0,-7.65,3.1
1679518806692466,-15.56,-0.85,-0.72
1679518806793466,-10.8,-3.2,-0.15
1679518806893466,-10.08,-1.59,1.45
1679518806994466,-10.01,1.84,0.87
1679518807095466,-10.1,0.37,1.31
1679518807196466,-9.82,-0.99,0.75
1679518807297466,-12.93,-1.07,-0.25
1679518807398465,-17.11,7.26,-2.41
1679518807498465,-4.93,5.69,0.21
1679518807599465,-9.05,-3.62,0.05
1679518807699465,-13.03,-1.32,1.01
1679518807799465,-15.46,-7.25,3.68
1679518807900465,-17.99,4.02,-7.05
1679518808001465,-8.5,0.49,1.2
1679518808101465,-10.25,-1.34,1.12
1679518808202465,-9.99,1.33,0.96
1679518808303465,-10.16,1.11,1.73
1679518808404465,-10.9,-1.31,0.68
1679518808505465,-16.06,-2.91,0.74
1679518808607465,-3.05,1.17,7.06
1679518808707465,-2.98,4.52,0.5
1679518808808465,-10.5,-4.48,0.29
1679518808909465,-15.17,-2.26,0.68
1679518809010465,-12.27,-9.09,3.71
1679518809111465,-6.98,9.99,-1.61
1679518809211465,-10.17,2.84,0.94
1679518809312465,-10.49,1.06,0.78
1679518809413465,-9.64,-0.11,1.67
1679518809514465,-9.61,1.81,1.97
1679518809615465,-11.33,-1.74,0.82
1679518809717465,-16.38,-0.67,-0.16
1679518809818465,-6.13,-4.08,8.78
1679518809919465,-4.41,2.76,-0.08
1679518810020465,-10.37,-4.83,1.27
1679518810121466,-14.41,-0.65,1.87
1679518810222466,-13.43,-16.15,2.77
1679518810322466,-9.99,-2.06,4.16
1679518810423466,-10.69,0.69,1.02
1679518810524466,-10.2,1.67,0.83
1679518810623466,-9.79,0.42,1.36
1679518810724465,-9.88,0.67,1.62
1679518810824465,-11.65,-1.73,0.45
1679518810924465,-16.8,-1.1,-0.13
1679518811025465,-0.27,-5.43,11.19
1679518811127465,-5.73,0.93,-0.23
1679518811228465,-11.22,-3.33,1.57
1679518811329465,-14.58,-2.9,1.77
1679518811429465,-12.12,-8.22,6.56
1679518811529465,-14.11,-13.56,3.87
1679518811630465,-10.96,1.47,0.72
1679518811731465,-9.79,0.01,0.73
1679518811831465,-9.69,-0.41,1.3
1679518811932465,-9.63,1.73,1.73
1679518812032465,-11.37,-1.98,0.4
1679518812132465,-17.57,2.25,-1.0
1679518812233465,-13.33,-3.46,-2.26
1679518812334465,-5.02,0.77,0.73
1679518812434465,-10.97,-2.22,1.25
1679518812535465,-17.11,-8.26,1.97
1679518812636465,-12.47,-8.92,7.04
1679518812737465,-8.62,-0.97,1.68
1679518812838465,-8.49,1.4,0.98
1679518812938465,-9.83,0.0,0.96
1679518813038465,-10.33,0.63,0.98
1679518813139465,-9.87,0.98,1.29
1679518813240465,-12.04,-1.28,0.7
1679518813341465,-17.94,3.91,-3.26
1679518813441465,-13.72,-3.62,0.35
1679518813541465,-6.8,-0.79,-1.99
1679518813642465,-15.33,-6.4,-2.38
1679518813743465,-15.78,-5.77,2.06
1679518813843465,-13.33,-6.83,7.63
1679518813944465,-11.55,-17.73,4.14
1679518814047465,-9.19,3.05,0.59
1679518814147465,-9.66,1.18,0.88
1679518814247465,-10.05,0.34,0.34
1679518814348465,-10.13,1.73,1.19
1679518814449465,-11.41,-1.91,0.47
1679518814549465,-15.02,2.23,-1.14
1679518814650465,-2.36,-7.9,8.23
1679518814749465,-5.51,-0.36,0.27
1679518814850465,-10.58,-3.15,2.56
1679518814951465,-13.56,0.31,3.93
1679518815052465,-13.61,-8.07,2.39
1679518815152465,-25.08,14.47,-9.83
1679518815253465,-9.86,6.0,1.86
1679518815354465,-9.46,2.34,1.18
1679518815454465,-9.78,-0.45,1.13
1679518815555465,-10.34,0.72,1.57
1679518815655465,-10.95,-1.37,0.43
1679518815757465,-17.36,2.22,0.45
1679518815858465,-4.22,0.28,7.78
1679518815958465,-1.62,-1.87,2.1
1679518816059465,-10.55,-3.88,1.89
1679518816160465,-15.64,-0.21,4.06
1679518816261465,-13.78,-9.28,1.95
1679518816362465,-4.61,32.12,-4.11
1679518816462465,-11.48,3.69,-0.58
1679518816563465,-9.22,1.56,1.84
1679518816664465,-9.13,1.72,1.86
1679518816766465,-10.24,2.37,2.46
1679518816867465,-11.1,-2.11,0.68
1679518816968465,-16.41,-0.03,-0.41
1679518817068465,-3.45,-5.48,9.82
1679518817169465,-4.7,2.79,-0.11
1679518817269465,-9.82,-3.18,1.36
1679518817370465,-13.78,-0.13,2.12
1679518817471465,-12.56,-15.22,3.73
1679518817571465,-12.05,-9.86,2.42
1679518817672465,-11.19,-0.69,0.02
1679518817773465,-9.93,0.21,1.15
1679518817873465,-9.93,-0.68,1.17
1679518817974465,-9.99,0.76,1.71
1679518818074465,-11.74,-1.28,0.75
1679518818176465,-18.38,1.68,-0.82
1679518818276465,-10.91,-10.13,5.35
1679518818377465,-3.83,-1.12,1.07
1679518818478465,-9.99,-3.24,2.21
1679518818579465,-16.24,-1.49,2.61
1679518818679465,-12.24,-8.81,3.49
1679518818780465,-10.02,9.68,-0.91
1679518818881465,-9.63,1.57,0.88
1679518818981465,-9.86,0.03,0.42
1679518819081465,-9.83,1.22,0.63
1679518819182465,-9.97,1.13,0.69
1679518819282465,-10.5,-0.16,0.52
1679518819383465,-13.12,0.69,0.17
1679518819484465,-14.02,0.4,-0.39
1679518819586465,-4.32,4.97,1.78
1679518819687465,-7.58,-6.32,1.83
1679518819788465,-7.75,-1.13,1.7
1679518819889465,-16.19,-1.35,5.38
1679518819989465,-11.69,-7.67,3.41
1679518820090465,-10.64,12.93,-0.38
1679518820191465,-9.11,1.91,1.11
1679518820291465,-9.81,-0.73,0.13
1679518820391465,-9.61,1.51,0.51
1679518820492465,-9.86,0.71,0.3
1679518820593465,-9.65,1.3,0.15
1679518820694465,-9.7,1.25,0.54
1679518820795465,-9.87,0.72,0.13
1679518820895465,-9.75,0.99,0.19
1679518820997465,-9.76,0.96,0.42
1679518821098465,-9.82,0.72,0.29
1679518821198465,-9.82,0.48,0.14
1679518821298465,-9.84,0.5,0.14
1679518821399465,-9.84,0.33,0.03
1679518821499465,-9.86,0.45,0.03
1679518821600465,-9.76,0.3,0.03
1679518821701465,-9.89,0.32,-0.02
1679518821801465,-9.84,0.29,0.0
1679518821902465,-9.83,0.3,0.0
1679518822003465,-9.81,0.37,0.05
1679518822104465,-9.82,0.35,0.08
1679518822204465,-9.83,0.29,0.08
1679518822305465,-9.82,0.34,0.12
1679518822406465,-9.82,0.01,0.23
1679518822507465,-9.86,0.16,0.17
1679518822607465,-9.8,0.32,0.22
1679518822707465,-9.83,0.34,0.19
1679518822808465,-9.86,0.25,0.17
1679518822909465,-9.86,0.26,0.13
1679518823009465,-9.85,0.33,0.18
1679518823110465,-9.82,0.33,0.21
1679518823211465,-9.83,0.3,0.2
1679518823312465,-9.82,0.36,0.22
1679518823412465,-9.87,0.34,0.18
1679518823513465,-9.84,0.35,0.18
1679518823615465,-9.82,0.41,0.24
1679518823715465,-9.81,0.4,0.21
1679518823816465,-9.82,0.43,0.19
1679518823916465,-9.84,0.37,0.21
1679518824017465,-9.81,0.39,0.26
1679518824118465,-9.84,0.34,0.23
1679518824219465,-9.85,0.35,0.23
1679518824320465,-9.83,0.38,0.26
1679518824420465,-9.84,0.35,0.29
1679518824520465,-9.81,0.35,0.25
1679518824621465,-9.83,0.43,0.23
1679518824722465,-9.87,0.37,0.28
1679518824823465,-9.8,0.36,0.29
1679518824925465,-9.85,0.38,0.27
1679518825026465,-9.85,0.39,0.22
1679518825127465,-9.85,0.43,0.21
1679518825228465,-9.83,0.4,0.21
1679518825328465,-9.81,0.48,0.29
1679518825429465,-9.84,0.53,0.21
1679518825529465,-9.82,0.5,0.25
1679518825630465,-9.83,0.43,0.24
1679518825730465,-9.88,0.45,0.21
1679518825831465,-9.82,0.44,0.24
1679518825932465,-9.82,0.43,0.21
1679518826033465,-9.81,0.48,0.26
1679518826134465,-9.82,0.47,0.25
1679518826235465,-9.83,0.44,0.2
1679518826336465,-9.85,0.38,0.21
1679518826437466,-9.84,0.37,0.23
1679518826538466,-9.82,0.44,0.28
1679518826639466,-9.82,0.47,0.27
1679518826740466,-9.82,0.42,0.29
1679518826840466,-9.82,0.46,0.34
1679518826940466,-9.83,0.43,0.26
1679518827040465,-9.83,0.46,0.33
1679518827141466,-9.82,0.4,0.33
1679518827242466,-9.82,0.41,0.34
1679518827344465,-9.84,0.38,0.25
1679518827445465,-9.83,0.35,0.28
1679518827546465,-9.83,0.39,0.31
1679518827647465,-9.85,0.37,0.31
1679518827747465,-9.85,0.35,0.3
1679518827848465,-9.82,0.33,0.34
1679518827948465,-9.86,0.37,0.37
1679518828049465,-9.84,0.38,0.39
1679518828150465,-9.83,0.36,0.36
1679518828251465,-9.83,0.31,0.4
1679518828352465,-9.83,0.32,0.4
1679518828453465,-9.82,0.31,0.38
1679518828555465,-9.82,0.31,0.33
1679518828655465,-9.85,0.28,0.33
1679518828756465,-9.85,0.31,0.34
1679518828856465,-9.84,0.32,0.33
1679518828956465,-9.82,0.33,0.36
1679518829056465,-9.83,0.3,0.33
1679518829157465,-9.83,0.3,0.3
1679518829258465,-9.86,0.34,0.33
1679518829359465,-9.83,0.34,0.34
1679518829460465,-9.82,0.33,0.28
1679518829561465,-9.83,0.35,0.29
1679518829661465,-9.84,0.29,0.32
1679518829761465,-9.82,0.33,0.32
1679518829862465,-9.83,0.3,0.32
1679518829964465,-9.82,0.31,0.3
1679518830065465,-9.81,0.34,0.3
1679518830165465,-9.82,0.35,0.31
1679518830266465,-9.83,0.35,0.29
1679518830367465,-9.82,0.38,0.27
1679518830468465,-9.86,0.36,0.29
1679518830568465,-9.84,0.36,0.3
1679518830669465,-9.84,0.38,0.27
1679518830769465,-9.84,0.37,0.26
1679518830869464,-9.83,0.33,0.31
1679518830970465,-9.82,0.34,0.31
1679518831071465,-9.84,0.34,0.31
1679518831172465,-9.85,0.38,0.3
1679518831272465,-9.82,0.4,0.31
1679518831373465,-9.83,0.41,0.3
1679518831474465,-9.85,0.39,0.3
1679518831575465,-9.82,0.42,0.33
1679518831676465,-9.84,0.38,0.33
1679518831777465,-9.83,0.38,0.3
1679518831878465,-9.84,0.38,0.31
1679518831979465,-9.85,0.38,0.27
1679518832079465,-9.83,0.37,0.29
1679518832180465,-9.85,0.37,0.31
1679518832280465,-9.83,0.4,0.32
1679518832380465,-9.85,0.38,0.3
1679518832481465,-9.82,0.38,0.3
1679518832581465,-9.85,0.39,0.27
1679518832682465,-9.83,0.39,0.3
1679518832784465,-9.82,0.4,0.32
1679518832885465,-9.83,0.41,0.31
1679518832986465,-9.82,0.43,0.33
1679518833087465,-9.82,0.4,0.3
1679518833188465,-9.86,0.44,0.29
1679518833289465,-9.82,0.46,0.34
1679518833390465,-9.82,0.42,0.31
1679518833490465,-9.83,0.38,0.33
1679518833591465,-9.85,0.41,0.34
1679518833692465,-9.83,0.44,0.33
1679518833793465,-9.81,0.43,0.33
1679518833894466,-9.83,0.38,0.29
1679518833994465,-9.84,0.43,0.32
1679518834095465,-9.82,0.4,0.38
1679518834196465,-9.8,0.39,0.37
1679518834296465,-9.82,0.41,0.36
1679518834397465,-9.82,0.39,0.32
1679518834498465,-9.82,0.38,0.36
1679518834598465,-9.84,0.4,0.37
1679518834699465,-9.83,0.37,0.37
1679518834800465,-9.83,0.37,0.41
1679518834901465,-9.86,0.38,0.35
1679518835001465,-9.85,0.36,0.38
1679518835103465,-9.82,0.38,0.42
1679518835204465,-9.84,0.38,0.4
1679518835305465,-9.83,0.39,0.43
1679518835406465,-9.84,0.38,0.41
1679518835507465,-9.82,0.4,0.45
1679518835607465,-9.83,0.51,0.38
1679518835706465,-9.84,0.4,0.43
1679518835807465,-9.82,0.4,0.44
1679518835908465,-9.85,0.41,0.42
1679518836008465,-9.82,0.39,0.46
1679518836109465,-9.85,0.4,0.36
1679518836210465,-9.84,0.35,0.39
1679518836311465,-9.84,0.39,0.38
1679518836412465,-9.84,0.32,0.37
1679518836513466,-9.83,0.36,0.39
1679518836614466,-9.85,0.35,0.41
1679518836715466,-9.83,0.41,0.39
1679518836816466,-9.85,0.35,0.35
1679518836916466,-9.82,0.4,0.42
1679518837016466,-9.83,0.41,0.36
1679518837117466,-9.83,0.42,0.4
1679518837218466,-9.82,0.42,0.4
1679518837319465,-9.83,0.43,0.38
1679518837420465,-9.83,0.43,0.4
1679518837521465,-9.82,0.42,0.36
1679518837621465,-9.84,0.45,0.42
1679518837723465,-9.82,0.47,0.38
1679518837823465,-9.82,0.49,0.37
1679518837924465,-9.83,0.45,0.38
1679518838025465,-9.83,0.48,0.38
1679518838125465,-9.82,0.48,0.37
1679518838226465,-9.83,0.46,0.4
1679518838327465,-9.83,0.44,0.36
1679518838428465,-9.85,0.42,0.39
1679518838529465,-9.83,0.41,0.36
1679518838630465,-9.85,0.43,0.35
1679518838730465,-9.87,0.44,0.35
1679518838831465,-9.84,0.42,0.36
1679518838932465,-9.83,0.46,0.37
1679518839034465,-9.84,0.44,0.37
1679518839135465,-9.83,0.43,0.39
1679518839236465,-9.85,0.44,0.34
1679518839336465,-9.82,0.43,0.37
1679518839437465,-9.83,0.45,0.38
1679518839538465,-9.85,0.35,0.41
1679518839638465,-9.83,0.36,0.37
1679518839739465,-9.84,0.37,0.41
1679518839839465,-9.83,0.37,0.38
1679518839940465,-9.83,0.37,0.44
1679518840040465,-9.84,0.36,0.39
1679518840142465,-9.82,0.38,0.44
1679518840243465,-9.82,0.4,0.42
1679518840344465,-9.82,0.41,0.45
1679518840445465,-9.82,0.36,0.42
1679518840545465,-9.85,0.3,0.44
1679518840646465,-9.82,0.34,0.44
1679518840747465,-9.83,0.33,0.42
1679518840847465,-9.83,0.36,0.4
1679518840948465,-9.83,0.37,0.43
1679518841049465,-9.82,0.39,0.42
1679518841150465,-9.83,0.37,0.37
1679518841252465,-9.83,0.39,0.36
1679518841353465,-9.82,0.39,0.38
1679518841454465,-9.84,0.39,0.37
1679518841555465,-9.84,0.43,0.34
1679518841655465,-9.83,0.43,0.35
1679518841756465,-9.83,0.4,0.29
1679518841857465,-9.83,0.41,0.32
1679518841957465,-9.84,0.45,0.34
1679518842057465,-9.83,0.5,0.4
1679518842158465,-9.84,0.47,0.34
1679518842259465,-9.82,0.55,0.42
1679518842360465,-9.87,0.48,0.33
1679518842462465,-9.81,0.5,0.44
1679518842562465,-9.83,0.51,0.43
1679518842663465,-9.84,0.51,0.42
1679518842764465,-9.8,0.54,0.47
1679518842865465,-9.82,0.52,0.43
1679518842965465,-9.83,0.51,0.4
1679518843066465,-9.84,0.47,0.43
1679518843165465,-9.83,0.49,0.41
1679518843266465,-9.85,0.46,0.39
1679518843367465,-9.82,0.53,0.39
1679518843467465,-9.82,0.48,0.37
1679518843568465,-9.83,0.48,0.39
1679518843669465,-9.83,0.49,0.41
1679518843770465,-9.82,0.52,0.37
1679518843870465,-9.82,0.49,0.37
1679518843972465,-9.83,0.47,0.36
1679518844072465,-9.83,0.44,0.35
1679518844173465,-9.83,0.45,0.34
1679518844273465,-9.85,0.48,0.35
1679518844373464,-9.82,0.54,0.39
1679518844473464,-9.83,0.57,0.4
1679518844574464,-9.81,0.56,0.37
1679518844675464,-9.82,0.5,0.36
1679518844775464,-9.84,0.46,0.38
1679518844876464,-9.86,0.48,0.39
1679518844977465,-9.82,0.49,0.41
1679518845078465,-9.83,0.46,0.41
1679518845178465,-9.85,0.43,0.34
1679518845279465,-9.85,0.41,0.38
1679518845381465,-9.83,0.44,0.42
1679518845482465,-9.84,0.44,0.37
1679518845582465,-9.84,0.41,0.35
1679518845683465,-9.84,0.38,0.38
1679518845783465,-9.82,0.41,0.38
1679518845883464,-9.86,0.41,0.36
1679518845984465,-9.85,0.37,0.34
1679518846085465,-9.84,0.36,0.37
1679518846186465,-9.83,0.46,0.35
1679518846287465,-9.83,0.46,0.41
1679518846387465,-9.82,0.47,0.37
1679518846488465,-9.83,0.37,0.39
1679518846588465,-9.79,0.47,0.41
1679518846689465,-9.83,0.47,0.36
1679518846790465,-9.82,0.46,0.44
1679518846891465,-9.83,0.49,0.37
1679518846992465,-9.81,0.47,0.39
1679518847093465,-9.83,0.56,0.41
1679518847194465,-9.82,0.54,0.4
1679518847294465,-9.81,0.5,0.42
1679518847395465,-9.83,0.53,0.4
1679518847495465,-9.82,0.58,0.47
1679518847596465,-9.83,0.58,0.41
1679518847697465,-9.82,0.58,0.41
1679518847798465,-9.83,0.57,0.43
1679518847899465,-9.86,0.62,0.42
1679518848000465,-9.77,0.57,0.42
1679518848101465,-9.84,0.61,0.31
1679518848202465,-9.83,0.47,0.5
1679518848303465,-9.84,0.5,0.52
1679518848403465,-9.83,0.59,0.53
1679518848504465,-9.82,0.69,0.52
1679518848605465,-9.86,0.66,0.53
1679518848706465,-9.82,0.64,0.56
1679518848806465,-9.78,0.79,0.66
1679518848907465,-9.77,0.76,0.61
1679518849007465,-9.82,0.75,0.59
1679518849107465,-9.76,0.77,0.58
1679518849206465,-9.83,0.59,0.61
1679518849307465,-9.8,0.79,0.6
1679518849408465,-9.79,0.8,0.58
1679518849510465,-9.87,0.63,0.58
1679518849610465,-9.8,0.74,0.69
1679518849711465,-9.78,0.76,0.62
1679518849812465,-9.82,0.75,0.54
1679518849913465,-9.82,0.74,0.52
1679518850014465,-9.82,0.77,0.55
1679518850115466,-9.82,0.75,0.53
1679518850216466,-9.84,0.74,0.53
1679518850317466,-9.83,0.65,0.52
1679518850418466,-9.84,0.61,0.55
1679518850518466,-9.82,0.66,0.58
1679518850619465,-9.83,0.58,0.48
1679518850720465,-9.82,0.75,0.57
1679518850820465,-9.79,0.81,0.6
1679518850921465,-9.76,0.82,0.59
1679518851022465,-9.81,0.75,0.55
1679518851122465,-9.82,0.68,0.49
1679518851222465,-9.79,0.73,0.58
1679518851323465,-9.83,0.79,0.62
1679518851424465,-9.83,0.77,0.5
1679518851524465,-9.83,0.69,0.55
1679518851624465,-9.81,0.78,0.55
1679518851725465,-9.82,0.78,0.51
1679518851826465,-9.84,0.68,0.54
1679518851926465,-9.82,0.68,0.54
1679518852027465,-9.82,0.73,0.53
1679518852128465,-9.8,0.71,0.49
1679518852230465,-9.82,0.66,0.49
1679518852331465,-9.85,0.6,0.46
1679518852432465,-9.83,0.62,0.5
1679518852532465,-9.82,0.67,0.52
1679518852633465,-9.82,0.68,0.53
1679518852734465,-9.82,0.7,0.47
1679518852835465,-9.82,0.64,0.5
1679518852935465,-9.99,0.52,0.63
1679518853036465,-9.86,0.52,0.46
1679518853137465,-9.82,0.58,0.46
1679518853237465,-9.79,0.71,0.53
1679518853338465,-9.82,0.71,0.61
1679518853440465,-9.85,0.62,0.56
1679518853540465,-9.82,0.63,0.52
1679518853641465,-9.92,0.5,0.48
1679518853742465,-9.82,0.63,0.61
1679518853843465,-9.92,0.81,0.62
1679518853943465,-9.83,0.82,0.64
1679518854044465,-9.68,0.86,1.08
1679518854144465,-9.83,0.38,0.96
1679518854244464,-9.56,1.88,1.17
1679518854345465,-9.54,1.77,1.01
1679518854445464,-9.56,2.01,0.81
1679518854545464,-9.68,1.59,0.6
1679518854646464,-9.8,1.12,0.51
1679518854747465,-9.23,2.68,1.07
1679518854847464,-9.41,2.74,0.68
1679518854948464,-9.59,1.88,0.54
1679518855049465,-10.41,0.46,-0.65
1679518855149464,-13.98,0.91,-1.86
1679518855249464,-13.41,-0.85,-0.68
1679518855350464,-8.85,-4.04,-0.42
1679518855451465,-7.72,-5.16,0.09
1679518855552465,-8.76,-7.08,1.48
1679518855652464,-4.82,-4.51,1.1
1679518855753465,-0.27,-2.73,0.28
1679518855854465,-4.29,-4.91,0.23
1679518855955465,-7.77,-6.35,2.17
1679518856056465,-10.68,-6.01,1.32
1679518856156465,-12.37,-4.45,1.24
1679518856256465,-12.81,-3.45,2.84
1679518856357465,-8.9,1.71,-0.13
1679518856457465,-10.93,-2.7,0.39
1679518856557464,-11.53,0.45,-1.03
1679518856658465,-9.74,1.64,0.35
1679518856759465,-9.75,1.09,0.43
1679518856860465,-9.87,0.55,0.87
1679518856961465,-9.84,1.08,0.84
1679518857062465,-9.91,1.92,0.6
1679518857163465,-9.65,0.98,1.3
1679518857264465,-9.8,0.88,1.02
1679518857364465,-9.96,0.77,0.88
1679518857465465,-9.82,0.46,0.57
1679518857566465,-10.06,0.72,0.76
1679518857666465,-9.4,1.13,1.48
1679518857767465,-9.27,1.82,1.14
1679518857867465,-9.82,1.76,0.85
1679518857969465,-9.65,0.99,0.98
1679518858070465,-9.98,0.8,0.3
1679518858171465,-10.6,2.02,-0.08
1679518858272465,-14.33,-0.74,0.29
1679518858372465,-12.03,-2.9,0.16
1679518858473465,-8.6,-5.21,0.94
1679518858574465,-6.65,-3.57,1.5
1679518858675465,-3.89,-4.28,2.27
1679518858775465,-2.26,-3.78,0.89
1679518858876465,-0.46,-2.6,0.29
1679518858977465,-2.98,-5.28,0.49
1679518859078465,-10.28,-4.87,1.56
1679518859179465,-14.37,-1.57,1.99
1679518859279465,-12.11,-1.04,-0.36
1679518859380465,-10.58,1.14,-0.54
1679518859481465,-10.58,1.75,-0.71
1679518859581465,-10.52,0.54,0.08
1679518859681465,-9.4,1.33,0.95
1679518859782465,-9.76,0.56,1.05
1679518859883465,-9.96,1.31,0.22
1679518859983465,-10.06,0.5,0.65
1679518860084465,-9.85,0.82,0.57
1679518860185465,-9.89,0.76,0.62
1679518860286465,-10.0,0.73,0.39
1679518860388465,-9.88,0.58,0.67
1679518860489465,-9.84,0.48,0.9
1679518860590465,-9.7,0.95,1.13
1679518860691465,-9.71,1.1,0.89
1679518860790465,-9.83,0.94,0.55
1679518860891465,-10.04,0.73,0.12
1679518860992465,-12.22,1.24,-0.15
1679518861093465,-15.57,-3.2,0.21
1679518861193465,-10.64,-5.47,1.26
1679518861294465,-7.74,-6.8,0.65
1679518861394465,-3.62,-3.41,1.13
1679518861495465,-0.75,-0.58,1.23
1679518861596465,-1.57,-5.18,1.3
1679518861696465,-4.85,-6.75,0.51
1679518861798465,-9.57,-8.14,-0.4
1679518861899465,-12.34,-6.54,0.04
1679518861998465,-13.4,-1.94,0.88
1679518862099465,-11.12,5.23,-0.32
1679518862200465,-10.84,-1.31,-1.76
1679518862300465,-10.28,-0.31,1.09
1679518862401465,-9.33,1.19,1.17
1679518862502465,-9.71,1.21,1.06
1679518862603465,-9.7,1.04,0.91
1679518862703465,-9.56,0.62,1.08
1679518862804465,-9.83,1.0,0.73
1679518862905465,-9.73,1.05,0.89
1679518863006465,-9.62,0.62,0.95
1679518863106465,-9.95,0.49,0.67
1679518863206465,-9.97,1.02,0.83
1679518863308465,-9.87,0.77,1.03
1679518863409465,-9.54,1.04,1.34
1679518863510465,-9.59,0.75,1.12
1679518863610465,-10.32,-0.72,0.43
1679518863711465,-11.87,1.55,-0.25
1679518863812465,-12.16,-1.45,0.9
1679518863913465,-12.81,-6.3,1.62
1679518864014465,-7.28,-6.44,1.04
1679518864114465,-4.4,-4.42,1.07
1679518864215465,-2.28,-5.59,1.76
1679518864316465,-0.33,-2.15,0.59
1679518864417465,-2.48,-5.17,1.15
1679518864518465,-7.26,-7.25,0.76
1679518864619465,-10.65,-8.77,0.36
1679518864720465,-12.47,-1.47,0.71
1679518864820465,-9.96,1.59,-0.57
1679518864921465,-11.31,-0.05,-0.93
1679518865022465,-10.45,2.03,0.66
1679518865122465,-9.45,0.9,1.11
1679518865223465,-9.89,0.61,0.73
1679518865324465,-9.76,0.9,1.18
1679518865425465,-9.65,1.2,0.93
1679518865525465,-9.82,1.05,0.82
1679518865625465,-9.86,1.24,0.5
1679518865727465,-9.8,0.8,0.67
1679518865828465,-9.7,1.18,1.01
1679518865929465,-9.78,1.07,0.84
1679518866029465,-10.21,-0.09,0.6
1679518866130465,-9.98,0.27,0.79
1679518866231465,-9.77,0.59,0.97
1679518866331465,-9.65,0.68,1.03
1679518866431465,-10.02,-0.16,0.39
1679518866532465,-10.64,2.06,-0.07
1679518866633465,-14.69,0.56,-1.64
1679518866734465,-13.53,-5.99,1.39
1679518866835465,-7.24,-6.63,2.0
1679518866935465,-5.58,-7.47,2.09
1679518867035465,-4.33,-7.36,1.84
1679518867137465,-0.69,-2.93,1.86
1679518867237465,0.22,-1.98,0.82
1679518867338465,-4.08,-6.0,-0.29
1679518867438465,-10.13,-5.61,-2.06
1679518867539465,-15.0,-6.28,2.37
1679518867640465,-9.76,6.95,1.14
1679518867740465,-10.8,-0.78,-0.95
1679518867841465,-9.99,2.87,1.0
1679518867942465,-9.75,0.71,0.63
1679518868042465,-9.52,1.06,0.81
1679518868142465,-9.77,0.75,0.72
1679518868243465,-9.81,0.68,0.81
1679518868344465,-9.81,0.86,0.9
1679518868445465,-9.74,0.81,0.96
1679518868547465,-9.82,0.64,0.82
1679518868648465,-9.79,0.43,0.85
1679518868748465,-9.71,0.75,0.86
1679518868849465,-9.74,0.51,0.81
1679518868949465,-9.83,0.44,0.64
1679518869050465,-9.89,0.29,0.73
1679518869151465,-9.82,0.27,0.67
1679518869251465,-9.79,0.48,0.69
1679518869352465,-9.81,0.54,0.6
1679518869453465,-9.81,0.56,0.53
1679518869553465,-9.84,0.52,0.56
1679518869654465,-9.84,0.46,0.47
1679518869754465,-9.82,0.53,0.47
1679518869856465,-9.82,0.51,0.51
1679518869957465,-9.86,0.44,0.35
1679518870058465,-9.83,0.49,0.44
1679518870159465,-9.87,0.39,0.33
1679518870259465,-9.86,0.39,0.39
1679518870359465,-9.85,0.45,0.38
1679518870460465,-9.84,0.55,0.34
1679518870561465,-9.85,0.52,0.34
1679518870661465,-9.84,0.5,0.31
1679518870762465,-9.82,0.53,0.28
1679518870863465,-9.82,0.58,0.35
1679518870963465,-9.83,0.64,0.31
1679518871064465,-9.83,0.66,0.33
1679518871164465,-9.79,0.57,0.29
1679518871264464,-9.87,0.46,0.28
1679518871366464,-9.82,0.49,0.33
1679518871466464,-9.83,0.51,0.33
1679518871567464,-9.82,0.54,0.36
1679518871667464,-9.8,0.57,0.33
1679518871768464,-9.83,0.55,0.32
1679518871869464,-9.78,0.53,0.26
1679518871969464,-9.83,0.38,0.57
1679518872070464,-9.87,0.04,0.51
1679518872171465,-9.67,0.5,0.93
1679518872272465,-9.71,0.64,1.2
1679518872373465,-9.71,0.1,1.08
1679518872473465,-9.79,0.27,1.05
1679518872574465,-9.75,0.31,1.22
1679518872675465,-9.7,0.35,1.23
1679518872776465,-9.81,0.46,1.44
1679518872876465,-9.74,0.18,1.28
1679518872977465,-9.8,0.1,1.12
1679518873078465,-9.86,-0.36,0.83
1679518873178465,-9.95,-0.36,0.73
1679518873279465,-10.84,0.27,0.78
1679518873379465,-11.35,-1.21,-0.4
1679518873480465,-13.07,-0.34,0.92
1679518873581465,-8.46,-1.16,0.95
1679518873681465,-6.15,-3.56,-0.17
1679518873782465,-9.07,-3.02,0.33
1679518873883465,-10.33,-1.63,-0.39
1679518873983465,-10.91,0.94,-0.92
1679518874085465,-11.34,-3.12,0.37
1679518874186465,-10.5,-0.46,2.2
1679518874287465,-10.84,-5.84,0.98
